Packing Type,Height,Pack. Config,System,Column Diameter,a wall,specific wall area,specific area,Corrugation angle,"S, Channel Side","B, Channel Base","h, Crimp height",packing element height,void fraction,LP/A,L,uG,T Corr,DelP,k OH E-3,DCO2 E9,HCO2 E-5,[OH-],CO2 in,CO2 out,Fractional Area,ReL,WeL E4,FrL,Who?,Glycerol,[alk]
M250Y,3.1,Config 2,Baseline,,,,,,,,,,,,2,1.5,13.5,87,4.07,1.49,21.8,0.1055,411,302,0.67,2.7,10,0.64,Tsai,,
M250Y,3.1,,,,,,,,,,,,,,6,1.5,13.1,91,3.98,1.47,21.6,0.102,410,286,0.8,6.4,45,1.51,Tsai,,
M250Y,3.1,,,,,,,,,,,,,,12,1.5,12.1,98,3.7,1.42,20.8,0.1009,410,282,0.84,12.54,146,2.96,Tsai,,
M250Y,3.1,,,,,,,,,,,,,,18,1.5,11.7,108,3.6,1.4,20.6,0.1007,409,279,0.88,18.46,284,4.35,Tsai,,
M250Y,3.1,,,,,,,,,,,,,,24,1.5,11.3,124,3.52,1.39,20.3,0.0997,409,276,0.91,24.34,457,5.74,Tsai,,
M250Y,3.1,,,,,,,,,,,,,,37,1.5,11,324,3.44,1.37,20.1,0.0974,408,268,0.99,35.79,891,8.44,Tsai,,
M250Y,3.1,,,,,,,,,,,,,,3,1,10.2,39,3.27,1.33,19.6,0.0951,408,273,0.66,2.6,11,0.61,Tsai,,
M250Y,3.1,,,,,,,,,,,,,,6,1,10,41,3.21,1.32,19.4,0.0928,408,250,0.81,5.88,45,1.38,Tsai,,
M250Y,3.1,,,,,,,,,,,,,,12,1,9.6,44,3.13,1.3,19.2,0.0928,407,242,0.87,11.53,141,2.72,Tsai,,
M250Y,3.1,,,,,,,,,,,,,,18,1,9.4,50,3.09,1.29,19.1,0.0927,407,239,0.89,17.24,278,4.06,Tsai,,
M250Y,3.1,,,,,,,,,,,,,,24,1,9.2,59,3.06,1.29,19,0.0922,407,234,0.93,22.81,447,5.38,Tsai,,
M250Y,3.1,,,,,,,,,,,,,,37,1,9.1,131,3.03,1.28,18.9,0.0917,406,228,0.97,34.01,875,8.02,Tsai,,
M250Y,3.1,,,,,,,,,,,,,,49,1,9,334,3.01,1.27,18.8,0.0908,406,222,1.03,45.15,1412,10.64,Tsai,,
M250Y,3.1,,,,,,,,,,,,,,61,1,8.8,400,2.97,1.26,18.7,0.0895,406,216,1.08,56,2036,13.2,Tsai,,
M250Y,3.1,,,,,,,,,,,,,,3,0.6,8.3,16,2.87,1.24,18.4,0.0884,406,207,0.71,2.42,11,0.57,Tsai,,
M250Y,3.1,,,,,,,,,,,,,,12,0.6,8.2,18,2.86,1.24,18.4,0.0873,405,185,0.84,11.13,139,2.62,Tsai,,
M250Y,3.1,,,,,,,,,,,,,,24,0.6,7.9,23,2.8,1.23,18.2,0.0871,405,172,0.92,22.1,442,5.21,Tsai,,
M250Y,3.1,,,,,,,,,,,,,,37,0.6,7.8,43,2.77,1.22,18.1,0.0864,405,171,0.92,33.02,867,7.78,Tsai,,
M250Y,3.1,,,,,,,,,,,,,,49,0.6,7.7,181,2.75,1.21,18,0.0854,405,166,0.99,43.81,1397,10.33,Tsai,,
M250Y,3.1,,,,,,,,,,,,,,61,0.6,7.7,292,2.75,1.21,18,0.0836,405,162,1.02,54.54,2023,12.85,Tsai,,
M250Y,3.1,Config 3,Baseline,,,,,,,,,,,,3,1,31.9,36,12.86,2.46,36.6,0.1011,415,227,0.61,4.8,18,1.13,Tsai,,
M250Y,3.1,,,,,,,,,,,,,,6,1,31.8,38,12.82,2.44,36.6,0.0981,417,201,0.75,9.21,55,2.17,Tsai,,
M250Y,3.1,,,,,,,,,,,,,,12,1,31.5,40,12.61,2.41,36.3,0.0952,419,192,0.81,17.86,169,4.21,Tsai,,
M250Y,3.1,,,,,,,,,,,,,,24,1,31.6,49,12.69,2.41,36.4,0.0941,421,177,0.91,35.5,537,8.37,Tsai,,
M250Y,3.1,,,,,,,,,,,,,,37,1,31.8,87,12.83,2.41,36.6,0.0923,422,170,0.97,53.09,1056,12.51,Tsai,,
M250Y,3.1,,,,,,,,,,,,,,49,1,31.8,252,12.86,2.41,36.6,0.0913,424,160,1.04,70.46,1694,16.61,Tsai,,
M250Y,3.1,,,,,,,,,,,,,,61,1,31.9,316,12.89,2.4,36.6,0.0899,426,157,1.08,87.87,2454,20.71,Tsai,,
M250Y,3.1,,,,,,,,,,,,,,73,1,32,392,13.01,2.41,36.8,0.089,428,152,1.12,105.67,3331,24.91,Tsai,,
M250Y,3.1,,,,,,,,,,,,,,61,0.6,32.8,234,13.63,2.44,37.5,0.0853,428,100,0.95,88.79,2477,20.93,Tsai,,
M250Y,3.1,,,,,,,,,,,,,,49,0.6,33,173,13.77,2.44,37.6,0.0838,423,104,0.93,70.99,1707,16.73,Tsai,,
M250Y,3.1,,,,,,,,,,,,,,37,0.6,33,52,13.78,2.43,37.7,0.0821,418,109,0.9,53.25,1059,12.55,Tsai,,
M250Y,3.1,,,,,,,,,,,,,,24,0.6,33,22,13.84,2.43,37.7,0.0805,413,110,0.89,35.43,538,8.35,Tsai,,
M250Y,3.1,,,,,,,,,,,,,,12,0.6,33.2,16,14.01,2.43,37.9,0.0776,407,122,0.81,17.71,170,4.17,Tsai,,
M250Y,3.1,,,,,,,,,,,,,,6,0.6,33.3,15,14.1,2.42,38,0.0759,402,135,0.75,8.94,55,2.11,Tsai,,
M250Y,3.1,,,,,,,,,,,,,,3,0.6,33.4,14,14.19,2.42,38.1,0.0745,397,158,0.64,4.13,15,0.97,Tsai,,
M250Y,3.1,,,,,,,,,,,,,,3,1.5,33.7,76,14.36,2.43,38.3,0.0731,397,278,0.63,4.18,15,0.99,Tsai,,
M250Y,3.1,,,,,,,,,,,,,,6,1.5,33.6,80,14.29,2.42,38.2,0.0717,399,263,0.74,8.82,54,2.08,Tsai,,
M250Y,3.1,,,,,,,,,,,,,,12,1.5,33.2,87,14.02,2.4,37.9,0.0716,401,254,0.81,17.04,167,4.02,Tsai,,
M250Y,3.1,,,,,,,,,,,,,,24,1.5,32.9,105,13.76,2.37,37.6,0.0711,404,246,0.89,33.67,528,7.94,Tsai,,
M250Y,3.1,,,,,,,,,,,,,,37,1.5,32.8,296,13.69,2.36,37.5,0.069,406,232,1.02,50.13,1037,11.82,Tsai,,
M250Y,3.1,,,,,,,,,,,,,,49,1.5,32.7,362,13.57,2.35,37.3,0.0682,408,230,1.06,66.68,1674,15.72,Tsai,,
M250Y,3.1,,,,,,,,,,,,,,61,1.5,32.5,433,13.48,2.33,37.2,0.0663,410,228,1.11,83.02,2425,19.57,Tsai,,
M250Y,3.1,Config 3,Low surf tens,,,,,,,,,,,,3,1,30.6,36,11.93,2.38,35.5,0.1003,414,206,0.73,3.99,32,0.94,Tsai,,
M250Y,3.1,,,,,,,,,,,,,,6,1,30.6,39,11.95,2.36,35.5,0.096,414,183,0.87,8.87,122,2.09,Tsai,,
M250Y,3.1,,,,,,,,,,,,,,12,1,30.5,48,11.87,2.34,35.4,0.0947,414,170,0.95,17.3,380,4.08,Tsai,,
M250Y,3.1,,,,,,,,,,,,,,24,1,30.5,54,11.85,2.34,35.3,0.0936,410,166,0.98,34.56,1210,8.15,Tsai,,
M250Y,3.1,,,,,,,,,,,,,,37,1,30.6,143,11.99,2.34,35.5,0.0913,410,163,1,51.65,2378,12.17,Tsai,,
M250Y,3.1,,,,,,,,,,,,,,49,1,31,395,12.26,2.35,35.8,0.0896,411,154,1.08,68.81,3836,16.22,Tsai,,
M250Y,3.1,,,,,,,,,,,,,,61,1,31.3,555,12.44,2.35,36.1,0.0876,411,149,1.13,86.2,5575,20.32,Tsai,,
M250Y,3.1,,,,,,,,,,,,,,3,1.5,31.6,73,12.71,2.36,36.4,0.0854,401,260,0.73,4.28,37,1.01,Tsai,,
M250Y,3.1,,,,,,,,,,,,,,6,1.5,31.8,76,12.88,2.37,36.6,0.0832,401,245,0.83,8.65,121,2.04,Tsai,,
M250Y,3.1,,,,,,,,,,,,,,12,1.5,31.7,83,12.79,2.35,36.5,0.081,402,235,0.92,17.01,383,4.01,Tsai,,
M250Y,3.1,,,,,,,,,,,,,,25,1.5,31.5,119,12.68,2.33,36.3,0.0795,402,228,0.99,33.64,1206,7.93,Tsai,,
M250Y,3.1,,,,,,,,,,,,,,37,1.5,31.3,302,12.53,2.31,36.1,0.0778,402,217,1.08,50.21,2363,11.84,Tsai,,
M250Y,3.1,,,,,,,,,,,,,,49,1.5,31.3,506,12.52,2.31,36.1,0.0765,402,213,1.14,66.59,3807,15.7,Tsai,,
M250Y,3.1,,,,,,,,,,,,,,2,0.6,32.5,15,13.47,2.36,37.2,0.0724,432,156,0.73,3.3,25,0.78,Tsai,,
M250Y,3.1,,,,,,,,,,,,,,6,0.6,32.7,16,13.62,2.36,37.4,0.0709,430,139,0.82,8.42,120,1.98,Tsai,,
M250Y,3.1,,,,,,,,,,,,,,12,0.6,32.9,17,13.78,2.37,37.6,0.0696,435,132,0.87,16.8,379,3.96,Tsai,,
M250Y,3.1,,,,,,,,,,,,,,24,0.6,33.3,24,14.05,2.38,37.9,0.0693,435,123,0.91,33.79,1210,7.97,Tsai,,
M250Y,3.1,Config 3,Intermediate visc,,,,,,,,,,,,3,1,30.5,36,11.82,2.26,35.4,0.1014,403,212,0.68,0.74,9,0.18,Tsai,,
M250Y,3.1,,,,,,,,,,,,,,6,1,30.8,39,12.04,2.27,35.6,0.0983,403,187,0.82,1.64,35,0.39,Tsai,,
M250Y,3.1,,,,,,,,,,,,,,12,1,30.6,42,11.9,2.25,35.4,0.0975,403,180,0.87,3.37,121,0.8,Tsai,,
M250Y,3.1,,,,,,,,,,,,,,18,1,30.6,43,11.91,2.24,35.4,0.0965,404,175,0.91,4.97,234,1.17,Tsai,,
M250Y,3.1,,,,,,,,,,,,,,25,1,30.8,47,12.1,2.25,35.7,0.0953,404,172,0.93,6.62,379,1.56,Tsai,,
M250Y,3.1,,,,,,,,,,,,,,37,1,31.1,61,12.27,2.26,35.9,0.0937,404,167,0.96,9.87,740,2.33,Tsai,,
M250Y,3.1,,,,,,,,,,,,,,49,1,31.3,68,12.45,2.27,36.1,0.0925,404,164,0.99,13.22,1198,3.12,Tsai,,
M250Y,3.1,,,,,,,,,,,,,,61,1,31.6,406,12.67,2.27,36.4,0.0903,402,156,1.04,16.63,1742,3.92,Tsai,,
M250Y,3.1,,,,,,,,,,,,,,37,1.5,31.5,351,12.64,2.26,36.3,0.0871,403,218,1.04,9.92,740,2.34,Tsai,,
M250Y,3.1,,,,,,,,,,,,,,24,1.5,31.6,112,12.68,2.25,36.4,0.0852,403,229,0.97,6.61,378,1.56,Tsai,,
M250Y,3.1,,,,,,,,,,,,,,18,1.5,31.7,100,12.79,2.25,36.5,0.0831,403,233,0.95,4.93,233,1.16,Tsai,,
M250Y,3.1,,,,,,,,,,,,,,12,1.5,31.9,91,12.95,2.25,36.7,0.0812,400,241,0.89,3.29,119,0.77,Tsai,,
M250Y,3.1,,,,,,,,,,,,,,6,1.5,32.1,84,13.07,2.26,36.8,0.0802,400,254,0.8,1.65,38,0.39,Tsai,,
M250Y,3.1,,,,,,,,,,,,,,3,1.5,32.2,80,13.21,2.26,37,0.0791,400,275,0.66,0.75,10,0.18,Tsai,,
M250Y,3.1,,,,,,,,,,,,,,3,0.6,32.5,15,13.4,2.27,37.2,0.0781,410,158,0.68,0.77,10,0.18,Tsai,,
M250Y,3.1,,,,,,,,,,,,,,6,0.6,32.5,16,13.44,2.27,37.2,0.0771,410,135,0.8,1.64,37,0.39,Tsai,,
M250Y,3.1,,,,,,,,,,,,,,12,0.6,32.7,17,13.54,2.27,37.3,0.076,410,128,0.83,3.29,119,0.78,Tsai,,
M250Y,3.1,,,,,,,,,,,,,,18,0.6,32.9,18,13.75,2.28,37.6,0.0752,408,122,0.87,4.97,233,1.17,Tsai,,
M250Y,3.1,,,,,,,,,,,,,,25,0.6,33.1,20,13.89,2.29,37.7,0.0742,409,118,0.9,6.73,381,1.59,Tsai,,
M250Y,3.1,,,,,,,,,,,,,,37,0.6,33.2,25,14.02,2.29,37.9,0.0732,410,113,0.93,10.22,753,2.41,Tsai,,
M250Y,3.1,,,,,,,,,,,,,,49,0.6,33.5,84,14.28,2.31,38.2,0.0722,409,111,0.94,13.72,1213,3.23,Tsai,,
M250Y,3.1,,,,,,,,,,,,,,61,0.6,33.6,365,14.37,2.3,38.3,0.0703,409,109,0.96,17.31,1763,4.08,Tsai,,
M250Y,3.1,Config 2,High visc,,,,,,,,,,,,2,1,14.7,40,4.38,1.44,22.5,0.0896,391,258,0.65,0.21,7,0.05,Tsai,,
M250Y,3.1,,,,,,,,,,,,,,6,1,14.8,42,4.41,1.44,22.6,0.0887,391,240,0.76,0.54,34,0.13,Tsai,,
M250Y,3.1,,,,,,,,,,,,,,13,1,14.7,47,4.39,1.44,22.5,0.0885,391,231,0.83,1.12,119,0.26,Tsai,,
M250Y,3.1,,,,,,,,,,,,,,18,1,14.8,52,4.43,1.45,22.6,0.0884,391,226,0.86,1.57,210,0.37,Tsai,,
M250Y,3.1,,,,,,,,,,,,,,25,1,15.1,50,4.49,1.45,22.8,0.0868,391,217,0.93,2.1,340,0.49,Tsai,,
M250Y,3.1,,,,,,,,,,,,,,36,1,15.1,62,4.49,1.45,22.8,0.0859,391,218,0.92,3.12,658,0.74,Tsai,,
M250Y,3.1,,,,,,,,,,,,,,49,1,14.7,436,4.4,1.43,22.6,0.0834,391,208,1.02,4.2,1077,0.99,Tsai,,
M250Y,3.1,,,,,,,,,,,,,,3,1.5,14.8,87,4.42,1.42,22.6,0.0801,391,298,0.67,0.22,8,0.05,Tsai,,
M250Y,3.1,,,,,,,,,,,,,,6,1.5,14.9,95,4.45,1.42,22.7,0.0787,391,285,0.79,0.54,35,0.13,Tsai,,
M250Y,3.1,,,,,,,,,,,,,,12,1.5,14.7,104,4.38,1.41,22.5,0.0784,391,278,0.86,1.03,107,0.24,Tsai,,
M250Y,3.1,,,,,,,,,,,,,,18,1.5,14.5,120,4.33,1.4,22.4,0.0781,391,277,0.88,1.54,210,0.36,Tsai,,
M250Y,3.1,,,,,,,,,,,,,,24,1.5,14.6,475,4.37,1.41,22.5,0.0772,391,268,0.96,2.04,335,0.48,Tsai,,
M250Y,3.1,,,,,,,,,,,,,,2,0.6,13.9,16,4.17,1.37,22,0.0753,391,192,0.74,0.2,7,0.05,Tsai,,
M250Y,3.1,,,,,,,,,,,,,,6,0.6,13.6,17,4.09,1.35,21.8,0.0734,390,183,0.81,0.51,34,0.12,Tsai,,
M250Y,3.1,,,,,,,,,,,,,,12,0.6,13.5,19,4.05,1.35,21.7,0.0736,390,175,0.86,1.03,108,0.24,Tsai,,
M250Y,3.1,,,,,,,,,,,,,,25,0.6,13.5,26,4.05,1.35,21.7,0.0737,389,163,0.93,2.06,341,0.48,Tsai,,
M250Y,3.1,,,,,,,,,,,,,,37,0.6,13.5,557,4.07,1.35,21.7,0.0733,389,163,0.93,3.07,665,0.72,Tsai,,
M250Y,3.1,,,,,,,,,,,,,,49,0.6,13.8,726,4.15,1.36,21.9,0.072,388,160,0.96,4.1,1067,0.97,Tsai,,
M500Y,2.8,Config 2,Baseline,,,,,,,,,,,,2,1,23.3,82,7.66,1.97,29.2,0.0991,388,180,0.51,1.42,3,0.33,Tsai,,
M500Y,2.8,,,,,,,,,,,,,,6,1,23.4,104,7.7,1.96,29.3,0.0951,388,150,0.65,3.45,13,0.81,Tsai,,
M500Y,2.8,,,,,,,,,,,,,,12,1,23.3,146,7.64,1.95,29.2,0.0944,388,145,0.67,6.88,43,1.62,Tsai,,
M500Y,2.8,,,,,,,,,,,,,,18,1,23.2,343,7.62,1.95,29.1,0.0937,388,146,0.66,10.32,85,2.43,Tsai,,
M500Y,2.8,,,,,,,,,,,,,,24,1,23.4,493,7.7,1.94,29.2,0.0898,388,137,0.72,13.62,136,3.21,Tsai,,
M500Y,2.8,,,,,,,,,,,,,,4,1,23.3,87,7.68,1.93,29.2,0.0878,386,173,0.57,1.95,5,0.46,Tsai,,
M500Y,2.8,,,,,,,,,,,,,,3,1.5,23.6,210,7.79,1.93,29.4,0.0858,386,250,0.47,1.38,3,0.33,Tsai,,
M500Y,2.8,,,,,,,,,,,,,,6,1.5,23.5,258,7.76,1.92,29.3,0.0838,386,214,0.65,3.31,13,0.78,Tsai,,
M500Y,2.8,,,,,,,,,,,,,,4,1.5,23.3,224,7.69,1.91,29.2,0.0818,386,227,0.59,1.97,6,0.46,Tsai,,
M500Y,2.8,,,,,,,,,,,,,,12,1.5,22.9,338,7.48,1.87,28.8,0.0798,386,207,0.71,6.57,42,1.55,Tsai,,
M500Y,2.8,,,,,,,,,,,,,,2,0.6,22.3,35,7.23,1.84,28.4,0.0782,388,112,0.58,1.3,3,0.31,Tsai,,
M500Y,2.8,,,,,,,,,,,,,,4,0.6,22.3,36,7.2,1.83,28.3,0.077,388,106,0.61,1.94,6,0.46,Tsai,,
M500Y,2.8,,,,,,,,,,,,,,6,0.6,22.1,41,7.13,1.82,28.2,0.0759,388,94,0.68,3.27,13,0.77,Tsai,,
M500Y,2.8,Config 2,Baseline,,,,,,,,,,,,2,1,20.1,83,6.25,1.81,26.6,0.1061,391,204,0.45,1.38,3,0.33,Tsai,,
M500Y,2.8,,,,,,,,,,,,,,4,1,20.2,88,6.32,1.81,26.8,0.1042,391,187,0.51,2.39,7,0.56,Tsai,,
M500Y,2.8,,,,,,,,,,,,,,6,1,20.4,92,6.37,1.81,26.9,0.1022,391,177,0.55,3.32,13,0.78,Tsai,,
M500Y,2.8,,,,,,,,,,,,,,12,1,20.5,101,6.41,1.8,26.9,0.0978,391,159,0.64,6.45,42,1.52,Tsai,,
M500Y,2.8,,,,,,,,,,,,,,18,1,20.4,114,6.38,1.79,26.9,0.0964,391,155,0.66,9.56,82,2.25,Tsai,,
M500Y,2.8,,,,,,,,,,,,,,24,1,20.6,200,6.47,1.8,27,0.0941,391,149,0.69,12.66,132,2.98,Tsai,,
M500Y,2.8,,,,,,,,,,,,,,31,1,20.6,414,6.5,1.78,27.1,0.0884,391,155,0.68,15.6,190,3.68,Tsai,,
M500Y,2.8,,,,,,,,,,,,,,2,1.5,20.9,205,6.61,1.79,27.3,0.0875,391,258,0.47,1.24,3,0.29,Tsai,,
M500Y,2.8,,,,,,,,,,,,,,4,1.5,20.9,222,6.61,1.79,27.3,0.0865,390,247,0.51,2.19,7,0.52,Tsai,,
M500Y,2.8,,,,,,,,,,,,,,6,1.5,20.8,241,6.56,1.78,27.2,0.0856,390,239,0.56,3.15,13,0.74,Tsai,,
M500Y,2.8,,,,,,,,,,,,,,12,1.5,20.3,303,6.39,1.75,26.8,0.0845,389,223,0.64,6.06,41,1.43,Tsai,,
M500Y,2.8,,,,,,,,,,,,,,18,1.5,20.3,410,6.37,1.75,26.8,0.0836,388,219,0.67,9.09,80,2.14,Tsai,,
M500Y,2.8,,,,,,,,,,,,,,2,0.6,19,34,5.86,1.67,25.8,0.0805,388,142,0.49,1.18,3,0.28,Tsai,,
M500Y,2.8,,,,,,,,,,,,,,4,0.6,18.8,36,5.8,1.66,25.7,0.0786,388,131,0.54,2.15,7,0.51,Tsai,,
M500Y,2.8,,,,,,,,,,,,,,6,0.6,18.7,37,5.75,1.65,25.6,0.0767,388,125,0.57,3,13,0.71,Tsai,,
M500Y,2.8,,,,,,,,,,,,,,12,0.6,18.4,41,5.66,1.64,25.4,0.0763,388,110,0.64,5.95,41,1.4,Tsai,,
M500Y,2.8,,,,,,,,,,,,,,18,0.6,18.3,47,5.63,1.62,25.3,0.0733,388,106,0.68,8.92,80,2.1,Tsai,,
M500Y,2.8,,,,,,,,,,,,,,24,0.6,18.2,51,5.57,1.61,25.2,0.0704,388,101,0.72,11.78,129,2.78,Tsai,,
M500Y,2.8,,,,,,,,,,,,,,31,0.6,18,218,5.53,1.59,25.1,0.0681,390,114,0.67,14.68,187,3.46,Tsai,,
M500Y,2.8,Config 3,Baseline,,,,,,,,,,,,24,0.6,25,58,8.5,2.04,30.6,0.0935,393,67,0.7,14.47,138,3.41,Tsai,,
M500Y,2.8,,,,,,,,,,,,,,18,0.6,25.3,47,8.65,2.05,30.8,0.0922,392,72,0.67,10.89,86,2.57,Tsai,,
M500Y,2.8,,,,,,,,,,,,,,12,0.6,25.6,41,8.79,2.06,31,0.0897,392,74,0.67,7.3,44,1.72,Tsai,,
M500Y,2.8,,,,,,,,,,,,,,6,0.6,25.7,37,8.89,2.06,31.2,0.0886,392,84,0.62,3.73,14,0.88,Tsai,,
M500Y,2.8,,,,,,,,,,,,,,3,0.6,25.6,33,8.85,2.05,31.1,0.0876,392,107,0.53,1.64,4,0.39,Tsai,,
M500Y,2.8,,,,,,,,,,,,,,2,1,30.7,81,12,2.39,35.6,0.1028,388,174,0.45,1.54,3,0.36,Tsai,,
M500Y,2.8,,,,,,,,,,,,,,6,1,30.6,88,11.9,2.37,35.4,0.1,388,147,0.55,3.64,13,0.86,Tsai,,
M500Y,2.8,,,,,,,,,,,,,,12,1,30.2,102,11.64,2.33,35.1,0.0973,388,136,0.61,7.6,44,1.79,Tsai,,
M500Y,2.8,,,,,,,,,,,,,,18,1,30.2,113,11.7,2.31,35.1,0.0926,388,125,0.68,11.45,88,2.7,Tsai,,
M500Y,2.8,,,,,,,,,,,,,,24,1,30.4,123,11.79,2.32,35.3,0.0915,388,126,0.68,15.22,142,3.59,Tsai,,
M500Y,2.8,,,,,,,,,,,,,,31,1,30.4,158,11.84,2.31,35.3,0.0896,386,125,0.68,19.02,206,4.48,Tsai,,
M500Y,2.8,,,,,,,,,,,,,,37,1,30.5,195,11.93,2.31,35.4,0.0881,386,123,0.7,22.85,279,5.39,Tsai,,
M500Y,2.8,,,,,,,,,,,,,,24,1,30.8,151,12.15,2.3,35.7,0.0824,386,125,0.71,15.34,143,3.62,Tsai,,
M500Y,2.8,,,,,,,,,,,,,,12,1,30.9,96,12.2,2.3,35.7,0.0807,386,137,0.66,7.65,45,1.8,Tsai,,
M500Y,2.8,,,,,,,,,,,,,,3,1,31.2,77,12.4,2.31,36,0.0794,384,185,0.47,1.64,3,0.39,Tsai,,
M500Y,2.8,Config 3,Low surf tens,,,,,,,,,,,,2,1,25.4,73,8.68,2.08,30.9,0.0983,390,164,0.55,1.41,7,0.33,Tsai,,
M500Y,2.8,,,,,,,,,,,,,,6,1,25.7,79,8.87,2.08,31.2,0.094,390,130,0.72,3.59,31,0.85,Tsai,,
M500Y,2.8,,,,,,,,,,,,,,12,1,25.8,89,8.93,2.08,31.2,0.0921,390,120,0.77,7.19,100,1.69,Tsai,,
M500Y,2.8,,,,,,,,,,,,,,18,1,26.5,100,9.32,2.1,31.8,0.0885,389,113,0.82,11.06,201,2.61,Tsai,,
M500Y,2.8,,,,,,,,,,,,,,25,1,26.5,156,9.35,2.09,31.9,0.0851,389,118,0.81,15.13,336,3.57,Tsai,,
M500Y,2.8,,,,,,,,,,,,,,31,1,26.7,129,9.46,2.09,32,0.0837,389,109,0.87,18.62,474,4.39,Tsai,,
M500Y,2.8,,,,,,,,,,,,,,37,1,26.9,273,9.55,2.09,32.1,0.0825,389,108,0.88,22.43,644,5.29,Tsai,,
M500Y,2.8,,,,,,,,,,,,,,12,1,27,85,9.63,2.08,32.3,0.078,389,124,0.8,7.52,103,1.77,Tsai,,
M500Y,2.8,,,,,,,,,,,,,,2,1,27.4,71,9.87,2.1,32.6,0.0771,389,167,0.59,1.52,7,0.36,Tsai,,
M500Y,2.8,Config 3,Intermediate visc,,,,,,,,,,,,3,1,31,77,12.21,2.28,35.8,0.1017,390,150,0.55,0.35,3,0.08,Tsai,,
M500Y,2.8,,,,,,,,,,,,,,4,1,31,82,12.23,2.26,35.9,0.0963,390,132,0.65,0.58,8,0.14,Tsai,,
M500Y,2.8,,,,,,,,,,,,,,6,1,30.7,85,12.06,2.24,35.6,0.0939,390,121,0.71,0.8,13,0.19,Tsai,,
M500Y,2.8,,,,,,,,,,,,,,9,1,30.6,91,11.94,2.22,35.5,0.0931,390,117,0.74,1.19,26,0.28,Tsai,,
M500Y,2.8,,,,,,,,,,,,,,12,1,30.4,95,11.83,2.21,35.3,0.0929,390,117,0.74,1.58,42,0.37,Tsai,,
M500Y,2.8,,,,,,,,,,,,,,18,1,30.5,102,11.88,2.21,35.4,0.0912,390,113,0.77,2.38,83,0.56,Tsai,,
M500Y,2.8,,,,,,,,,,,,,,25,1,30.5,135,11.89,2.2,35.4,0.0895,390,112,0.78,3.18,136,0.75,Tsai,,
M500Y,2.8,,,,,,,,,,,,,,3,1.5,31.2,171,12.47,2.22,36.1,0.0821,387,216,0.56,0.33,3,0.08,Tsai,,
M500Y,2.8,,,,,,,,,,,,,,4,1.5,31.3,178,12.55,2.21,36.2,0.0788,387,209,0.61,0.54,7,0.13,Tsai,,
M500Y,2.8,,,,,,,,,,,,,,6,1.5,31.3,188,12.51,2.19,36.1,0.0755,387,198,0.68,0.78,13,0.18,Tsai,,
M500Y,2.8,,,,,,,,,,,,,,9,1.5,31,200,12.31,2.16,35.9,0.0722,387,195,0.71,1.17,26,0.27,Tsai,,
M500Y,2.8,,,,,,,,,,,,,,12,1.5,30.4,216,11.87,2.12,35.3,0.0715,387,196,0.72,1.56,43,0.37,Tsai,,
M500Y,2.8,,,,,,,,,,,,,,18,1.5,30.1,308,11.7,2.1,35.1,0.0696,388,193,0.76,2.33,83,0.55,Tsai,,
M500Y,2.8,,,,,,,,,,,,,,3,0.6,29.9,32,11.54,2.09,34.9,0.0683,388,88,0.65,0.35,3,0.08,Tsai,,
M500Y,2.8,,,,,,,,,,,,,,6,0.6,30.2,34,11.75,2.1,35.1,0.0671,388,77,0.71,0.78,13,0.18,Tsai,,
M500Y,2.8,,,,,,,,,,,,,,12,0.6,30.3,37,11.84,2.1,35.2,0.0658,388,74,0.73,1.57,43,0.37,Tsai,,
M500Y,2.8,,,,,,,,,,,,,,18,0.6,30.2,45,11.76,2.08,35.1,0.0634,388,72,0.77,2.36,84,0.56,Tsai,,
M500Y,2.8,,,,,,,,,,,,,,2,0.6,29.9,32,11.6,2.06,34.9,0.0616,385,106,0.6,0.32,3,0.08,Tsai,,
M500Y,2.8,Config 3,High Visc,,,,,,,,,,,,3,1,28.5,82,10.5,2.11,33.6,0.1015,390,154,0.57,0.15,2,0.04,Tsai,,
M500Y,2.8,,,,,,,,,,,,,,4,1,28.6,87,10.57,2.1,33.7,0.098,390,144,0.62,0.26,6,0.06,Tsai,,
M500Y,2.8,,,,,,,,,,,,,,6,1,28.3,92,10.39,2.07,33.4,0.0946,390,137,0.67,0.37,11,0.09,Tsai,,
M500Y,2.8,,,,,,,,,,,,,,9,1,27.9,97,10.18,2.04,33.1,0.0929,390,137,0.68,0.52,21,0.12,Tsai,,
M500Y,2.8,,,,,,,,,,,,,,12,1,27.9,102,10.18,2.04,33.1,0.092,390,137,0.68,0.69,35,0.16,Tsai,,
M500Y,2.8,,,,,,,,,,,,,,18,1,28,117,10.23,2.04,33.2,0.0903,390,133,0.71,1.02,67,0.24,Tsai,,
M500Y,2.8,,,,,,,,,,,,,,24,1,28.1,247,10.28,2.03,33.2,0.0886,390,134,0.7,1.35,108,0.32,Tsai,,
M500Y,2.8,,,,,,,,,,,,,,31,1,28.5,438,10.57,2.05,33.6,0.0865,390,139,0.69,1.69,157,0.4,Tsai,,
M500Y,2.8,,,,,,,,,,,,,,37,1,28.8,680,10.78,2.06,33.9,0.0839,387,126,0.75,2.04,214,0.48,Tsai,,
M500Y,2.8,,,,,,,,,,,,,,3,1.5,29.1,176,10.98,2.06,34.2,0.0809,387,230,0.53,0.15,3,0.03,Tsai,,
M500Y,2.8,,,,,,,,,,,,,,4,1.5,29.3,186,11.07,2.05,34.3,0.078,387,226,0.56,0.24,6,0.06,Tsai,,
M500Y,2.8,,,,,,,,,,,,,,6,1.5,28.9,196,10.87,2.03,34,0.0751,387,218,0.61,0.34,11,0.08,Tsai,,
M500Y,2.8,,,,,,,,,,,,,,9,1.5,28.5,210,10.61,1.99,33.6,0.0722,387,214,0.65,0.48,21,0.11,Tsai,,
M500Y,2.8,,,,,,,,,,,,,,12,1.5,28.3,225,10.5,1.98,33.5,0.0714,388,215,0.65,0.64,34,0.15,Tsai,,
M500Y,2.8,,,,,,,,,,,,,,2,0.6,28.3,31,10.46,1.98,33.4,0.0704,388,101,0.6,0.13,2,0.03,Tsai,,
M500Y,2.8,,,,,,,,,,,,,,6,0.6,28.2,35,10.38,1.97,33.3,0.0695,388,90,0.66,0.33,11,0.08,Tsai,,
M500Y,2.8,,,,,,,,,,,,,,12,0.6,28,39,10.26,1.94,33.1,0.0665,388,88,0.69,0.66,34,0.15,Tsai,,
M500Y,2.8,,,,,,,,,,,,,,18,0.6,27.2,57,9.81,1.9,32.5,0.0647,387,89,0.71,1,68,0.23,Tsai,,
M250X,3.1,,Baseline,,,,,,,,,,,,3,1,19.1,17,5.86,1.76,25.9,0.0998,437,263,0.67,3.92,18,1.13,Tsai,,
M250X,3.1,,,,,,,,,,,,,,6,1,18.4,17,5.61,1.71,25.3,0.0966,413,234,0.77,7.35,52,2.12,Tsai,,
M250X,3.1,,,,,,,,,,,,,,12,1,18.2,18,5.55,1.69,25.2,0.0935,413,231,0.81,14.34,164,4.14,Tsai,,
M250X,3.1,,,,,,,,,,,,,,18,1,17.9,20,5.44,1.68,25,0.093,410,223,0.86,21.41,323,6.18,Tsai,,
M250X,3.1,,,,,,,,,,,,,,24,1,17.6,22,5.34,1.66,24.7,0.0923,406,215,0.9,28.31,521,8.17,Tsai,,
M250X,3.1,,,,,,,,,,,,,,37,1,17.3,29,5.22,1.64,24.5,0.0909,399,205,0.96,42,1018,12.13,Tsai,,
M250X,3.1,,,,,,,,,,,,,,49,1,17.1,50,5.17,1.63,24.4,0.0898,400,200,1.02,55.61,1641,16.05,Tsai,,
M250X,3.1,,,,,,,,,,,,,,67,1,17.5,150,5.29,1.63,24.6,0.0837,401,198,1.06,76.06,2798,21.96,Tsai,,
M250X,3.1,,,,,,,,,,,,,,2,2.3,20,74,6.22,1.74,26.5,0.082,402,327,0.7,2.72,11,0.79,Tsai,,
M250X,3.1,,,,,,,,,,,,,,4,2.3,20.7,72,6.52,1.77,27.1,0.0803,398,323,0.68,4.81,28,1.39,Tsai,,
M250X,3.1,,,,,,,,,,,,,,6,2.3,21.3,71,6.79,1.8,27.6,0.0785,394,312,0.75,6.75,51,1.95,Tsai,,
M250X,3.1,,,,,,,,,,,,,,9,2.3,22.1,74,7.11,1.83,28.2,0.0778,396,310,0.78,10.22,101,2.95,Tsai,,
M250X,3.1,,,,,,,,,,,,,,12,2.3,22.7,77,7.41,1.86,28.7,0.0775,393,309,0.76,13.68,163,3.95,Tsai,,
M250X,3.1,,,,,,,,,,,,,,24,2.3,23.2,91,7.62,1.88,29.1,0.0761,394,303,0.85,27.29,514,7.88,Tsai,,
M250X,3.1,,,,,,,,,,,,,,37,2.3,23.5,110,7.79,1.89,29.3,0.0744,394,297,0.91,41.26,1022,11.91,Tsai,,
M250X,3.1,,,,,,,,,,,,,,49,2.3,23.8,160,7.92,1.9,29.5,0.0738,392,288,0.99,55.1,1643,15.91,Tsai,,
M250X,3.1,,,,,,,,,,,,,,61,1.5,23.6,166,7.85,1.89,29.4,0.0724,392,239,1.03,69.55,2397,20.08,Tsai,,
M250X,3.1,,,,,,,,,,,,,,37,1.5,23.8,56,7.94,1.89,29.6,0.0708,393,251,0.94,41.88,1027,12.09,Tsai,,
M250X,3.1,,,,,,,,,,,,,,24,1.5,23.7,41,7.89,1.88,29.5,0.069,392,259,0.9,27.88,522,8.05,Tsai,,
M250X,3.1,,,,,,,,,,,,,,18,1.5,23.7,37,7.92,1.87,29.5,0.0671,391,264,0.86,20.87,324,6.02,Tsai,,
M250X,3.1,,,,,,,,,,,,,,12,1.5,23.8,35,7.94,1.87,29.6,0.0656,391,272,0.8,13.92,165,4.02,Tsai,,
M250X,3.1,,,,,,,,,,,,,,6,1.5,23.8,35,7.97,1.87,29.6,0.0652,391,283,0.73,6.91,51,2,Tsai,,
M250X,3.1,,,,,,,,,,,,,,3,1.5,24,32,8.02,1.87,29.7,0.0647,390,296,0.63,3.44,16,0.99,Tsai,,
M250X,3.1,,,,,,,,,,,,,,2,1,23.8,16,7.95,1.86,29.6,0.0643,390,262,0.61,2.66,10,0.77,Tsai,,
M250X,3.1,,Low surf tens,,,,,,,,,,,,3,1,22.6,17,7.29,1.93,28.6,0.0985,397,228,0.68,3.44,33,0.99,Tsai,,
M250X,3.1,,,,,,,,,,,,,,4,1,22.4,17,7.21,1.91,28.4,0.0956,396,217,0.75,5.14,67,1.48,Tsai,,
M250X,3.1,,,,,,,,,,,,,,6,1,22.2,17,7.15,1.9,28.3,0.0926,396,212,0.79,7.35,125,2.12,Tsai,,
M250X,3.1,,,,,,,,,,,,,,9,1,21.9,18,7,1.87,28,0.0897,395,208,0.83,10.86,247,3.14,Tsai,,
M250X,3.1,,,,,,,,,,,,,,12,1,21.8,19,6.97,1.86,28,0.089,396,206,0.86,14.39,399,4.16,Tsai,,
M250X,3.1,,,,,,,,,,,,,,18,1,21.7,41,6.91,1.85,27.8,0.0883,396,200,0.9,21.44,781,6.19,Tsai,,
M250X,3.1,,,,,,,,,,,,,,24,1,21.9,25,7.01,1.85,28,0.0843,396,192,0.95,28.31,1259,8.17,Tsai,,
M250X,3.1,,,,,,,,,,,,,,37,1,21.7,219,6.95,1.83,27.9,0.0818,395,194,0.97,42.31,2472,12.21,Tsai,,
M250X,3.1,,,,,,,,,,,,,,49,1,21.7,347,6.95,1.82,27.9,0.0802,394,191,0.99,56.16,3972,16.21,Tsai,,
M250X,3.1,,,,,,,,,,,,,,61,1,22,463,7.09,1.83,28.1,0.0777,395,192,1.01,70.36,5775,20.31,Tsai,,
M250X,3.1,,,,,,,,,,,,,,12,1,22.1,18,7.12,1.83,28.2,0.0761,395,206,0.91,14.11,398,4.07,Tsai,,
M250X,3.1,,,,,,,,,,,,,,3,1.5,22.5,31,7.29,1.84,28.5,0.0746,397,288,0.67,3.36,36,0.97,Tsai,,
M250X,3.1,,,,,,,,,,,,,,6,1.5,22.2,33,7.18,1.82,28.3,0.073,397,275,0.8,6.95,124,2.01,Tsai,,
M250X,3.1,,,,,,,,,,,,,,9,1.5,22,34,7.07,1.81,28.1,0.0714,396,271,0.83,10.25,243,2.96,Tsai,,
M250X,3.1,,,,,,,,,,,,,,12,1.5,21.7,35,6.97,1.79,27.9,0.0705,396,269,0.85,13.48,392,3.89,Tsai,,
M250X,3.1,,,,,,,,,,,,,,18,1.5,21.5,45,6.88,1.78,27.7,0.07,396,263,0.91,20.19,776,5.83,Tsai,,
M250X,3.1,,,,,,,,,,,,,,24,1.5,21.4,104,6.83,1.77,27.6,0.0689,396,261,0.97,26.57,1237,7.67,Tsai,,
M250X,3.1,,,,,,,,,,,,,,37,1.5,21.5,291,6.87,1.77,27.7,0.0675,397,258,1.01,39.61,2426,11.44,Tsai,,
M250X,3.1,,,,,,,,,,,,,,49,1.5,21.6,401,6.92,1.77,27.8,0.067,396,252,1.05,52.69,3905,15.21,Tsai,,
M250X,3.1,,,,,,,,,,,,,,25,1.5,21.7,135,6.94,1.77,27.8,0.0664,397,268,0.92,26.49,1244,7.65,Tsai,,
M250X,3.1,,High Visc,,,,,,,,,,,,3,1.5,23,34,7.5,1.83,28.9,0.1024,392,273,0.68,0.33,11,0.09,Tsai,,
M250X,3.1,,,,,,,,,,,,,,4,1.5,23.5,36,7.74,1.84,29.4,0.0998,390,266,0.72,0.49,22,0.14,Tsai,,
M250X,3.1,,,,,,,,,,,,,,6,1.5,23.4,36,7.69,1.83,29.2,0.0972,390,262,0.76,0.7,41,0.2,Tsai,,
M250X,3.1,,,,,,,,,,,,,,9,1.5,22.8,39,7.43,1.79,28.8,0.0946,390,259,0.81,1.05,84,0.3,Tsai,,
M250X,3.1,,,,,,,,,,,,,,13,1.5,22.6,40,7.32,1.77,28.6,0.092,390,257,0.84,1.43,144,0.41,Tsai,,
M250X,3.1,,,,,,,,,,,,,,18,1.5,22.3,43,7.18,1.75,28.3,0.0909,390,253,0.88,2.01,255,0.58,Tsai,,
M250X,3.1,,,,,,,,,,,,,,25,1.5,22.2,50,7.14,1.74,28.3,0.0893,390,249,0.92,2.69,415,0.78,Tsai,,
M250X,3.1,,,,,,,,,,,,,,37,1.5,22.1,99,7.11,1.73,28.2,0.0876,391,245,0.98,3.97,797,1.15,Tsai,,
M250X,3.1,,,,,,,,,,,,,,49,1.5,22.3,437,7.2,1.74,28.3,0.086,390,236,1.06,5.34,1300,1.54,Tsai,,
M250X,3.1,,,,,,,,,,,,,,3,1,22.6,17,7.37,1.75,28.6,0.0838,390,233,0.73,0.35,14,0.1,Tsai,,
M250X,3.1,,,,,,,,,,,,,,6,1,22.6,18,7.35,1.74,28.6,0.0815,388,226,0.78,0.67,41,0.19,Tsai,,
M250X,3.1,,,,,,,,,,,,,,9,1,22.5,19,7.33,1.73,28.6,0.0793,388,223,0.82,0.95,73,0.28,Tsai,,
M250X,3.1,,,,,,,,,,,,,,12,1,22.5,20,7.31,1.72,28.5,0.077,388,220,0.84,1.33,128,0.38,Tsai,,
M250X,3.1,,,,,,,,,,,,,,18,1,22.5,21,7.31,1.71,28.5,0.0761,388,213,0.89,2.01,254,0.58,Tsai,,
M250X,3.1,,,,,,,,,,,,,,25,1,22.4,24,7.29,1.71,28.5,0.0747,388,209,0.94,2.71,415,0.78,Tsai,,
M250X,3.1,,,,,,,,,,,,,,37,1,22.4,29,7.26,1.7,28.4,0.0734,388,206,0.96,4.04,806,1.17,Tsai,,
M250X,3.1,,,,,,,,,,,,,,49,1,22.5,151,7.33,1.7,28.5,0.0722,387,198,1.04,5.45,1314,1.57,Tsai,,
M250X,3.1,,,,,,,,,,,,,,61,1,22.7,363,7.44,1.71,28.7,0.0717,388,194,1.06,6.83,1894,1.97,Tsai,,
M250X,3.1,,,,,,,,,,,,,,3,0.6,22.9,7,7.51,1.7,28.8,0.0674,389,180,0.73,0.32,12,0.09,Tsai,,
M250X,3.1,,,,,,,,,,,,,,13,0.6,22.7,9,7.44,1.69,28.7,0.0654,388,160,0.86,1.44,141,0.42,Tsai,,
M250X,3.1,,,,,,,,,,,,,,24,0.6,22.5,10,7.35,1.68,28.6,0.0651,389,151,0.93,2.73,409,0.79,Tsai,,
M250X,3.1,,,,,,,,,,,,,,37,0.6,22.6,12,7.37,1.67,28.6,0.063,390,147,0.97,4.16,823,1.2,Tsai,,
M252Y,3,,Baseline,,,,,,,,,,,,3,1.5,26,57,8.99,2.12,31.4,0.0974,391,276,0.64,4.04,14,0.95,Tsai,,
M252Y,3,,,,,,,,,,,,,,4,1.5,26.2,58,9.11,2.12,31.6,0.0951,390,267,0.71,6.47,31,1.52,Tsai,,
M252Y,3,,,,,,,,,,,,,,6,1.5,26.1,59,9.07,2.11,31.5,0.0927,392,262,0.76,9.06,55,2.13,Tsai,,
M252Y,3,,,,,,,,,,,,,,9,1.5,25.8,61,8.9,2.08,31.2,0.0904,394,259,0.81,13.12,104,3.09,Tsai,,
M252Y,3,,,,,,,,,,,,,,12,1.5,25.5,64,8.77,2.06,31,0.088,392,257,0.83,17.26,167,4.07,Tsai,,
M252Y,3,,,,,,,,,,,,,,18,1.5,25.6,69,8.8,2.05,31,0.0868,392,253,0.87,25.7,327,6.06,Tsai,,
M252Y,3,,,,,,,,,,,,,,24,1.5,25.8,74,8.91,2.06,31.2,0.0856,391,250,0.89,34.25,528,8.07,Tsai,,
M252Y,3,,,,,,,,,,,,,,37,1.5,25.9,94,8.96,2.06,31.3,0.0842,392,242,0.96,51.38,1039,12.11,Tsai,,
M252Y,3,,,,,,,,,,,,,,49,1.5,26.1,142,9.12,2.07,31.5,0.0825,391,237,1.01,68.57,1679,16.16,Tsai,,
M252Y,3,,,,,,,,,,,,,,61,1.5,26.3,203,9.19,2.07,31.6,0.0812,390,230,1.08,85.94,2440,20.26,Tsai,,
M252Y,3,,,,,,,,,,,,,,61,1,26.9,150,9.56,2.08,32.2,0.0754,388,182,1.06,87.21,2467,20.56,Tsai,,
M252Y,3,,,,,,,,,,,,,,49,1,27,90,9.63,2.08,32.3,0.0743,389,185,1.04,69.61,1698,16.41,Tsai,,
M252Y,3,,,,,,,,,,,,,,37,1,27,52,9.64,2.07,32.3,0.0728,387,191,1,52.02,1050,12.26,Tsai,,
M252Y,3,,,,,,,,,,,,,,24,1,27,36,9.65,2.06,32.3,0.0708,387,200,0.95,34.57,535,8.15,Tsai,,
M252Y,3,,,,,,,,,,,,,,18,1,27.1,32,9.7,2.05,32.3,0.0662,389,207,0.94,25.63,329,6.04,Tsai,,
M252Y,3,,,,,,,,,,,,,,12,1,27.2,30,9.74,2.05,32.4,0.0655,391,216,0.89,17.04,167,4.02,Tsai,,
M252Y,3,,,,,,,,,,,,,,9,1,27.2,28,9.76,2.04,32.4,0.0645,389,222,0.85,12.76,104,3.01,Tsai,,
M252Y,3,,,,,,,,,,,,,,6,1,27.3,28,9.82,2.05,32.5,0.0635,386,229,0.8,8.14,49,1.92,Tsai,,
M252Y,3,,,,,,,,,,,,,,3,1,27.1,27,9.73,2.03,32.4,0.0625,387,250,0.67,3.52,12,0.83,Tsai,,
M252Y,3,,,,,,,,,,,,,,5,0.6,27.4,11,9.87,2.04,32.6,0.0615,388,173,0.75,6.25,32,1.47,Tsai,,
M252Y,3,,,,,,,,,,,,,,12,0.6,26.9,13,9.62,2.02,32.2,0.0613,388,162,0.83,16.82,167,3.97,Tsai,,
M252Y,3,,,,,,,,,,,,,,24,0.6,26.9,15,9.62,2.01,32.2,0.0605,386,149,0.9,33.63,529,7.93,Tsai,,
M252Y,3,,,,,,,,,,,,,,49,0.6,27.1,49,9.73,2.02,32.4,0.0603,385,137,0.97,67.61,1685,15.94,Tsai,,
M252Y,3,,Low surf tens,,,,,,,,,,,,3,1,27.9,27,10.14,2.23,33.1,0.0959,388,211,0.72,4.2,34,0.99,Tsai,,
M252Y,3,,,,,,,,,,,,,,6,1,28.2,29,10.31,2.23,33.3,0.0928,386,193,0.83,9.23,130,2.18,Tsai,,
M252Y,3,,,,,,,,,,,,,,10,1,27.7,33,9.98,2.19,32.8,0.0897,385,187,0.89,14.33,278,3.38,Tsai,,
M252Y,3,,,,,,,,,,,,,,12,1,27.4,49,9.85,2.17,32.6,0.0888,386,181,0.95,17.79,407,4.19,Tsai,,
M252Y,3,,,,,,,,,,,,,,18,1,27.4,34,9.85,2.16,32.6,0.0872,386,179,0.97,26.53,799,6.25,Tsai,,
M252Y,3,,,,,,,,,,,,,,24,1,27.4,39,9.82,2.15,32.6,0.0856,385,177,1,35.32,1290,8.33,Tsai,,
M252Y,3,,,,,,,,,,,,,,37,1,27.4,257,9.81,2.14,32.6,0.0844,385,177,1.01,52.54,2528,12.38,Tsai,,
M252Y,3,,,,,,,,,,,,,,49,1,27.6,396,9.93,2.15,32.7,0.0836,386,170,1.07,70.13,4089,16.53,Tsai,,
M252Y,3,,,,,,,,,,,,,,2,1.5,27.5,57,9.93,2.14,32.7,0.0801,388,274,0.7,3.41,26,0.8,Tsai,,
M252Y,3,,,,,,,,,,,,,,4,1.5,27.9,57,10.17,2.14,33,0.0766,383,266,0.74,6.33,74,1.49,Tsai,,
M252Y,3,,,,,,,,,,,,,,6,1.5,27.9,58,10.16,2.12,33,0.0732,387,258,0.84,8.72,128,2.06,Tsai,,
M252Y,3,,,,,,,,,,,,,,9,1.5,27.5,62,9.95,2.1,32.7,0.0724,385,254,0.88,12.86,251,3.03,Tsai,,
M252Y,3,,,,,,,,,,,,,,12,1.5,27.1,65,9.67,2.07,32.3,0.0716,385,252,0.91,16.95,405,3.99,Tsai,,
M252Y,3,,,,,,,,,,,,,,18,1.5,26.8,79,9.53,2.05,32.1,0.0708,386,247,0.97,25.11,788,5.92,Tsai,,
M252Y,3,,,,,,,,,,,,,,24,1.5,26.8,175,9.5,2.05,32,0.0702,385,242,1.01,33.37,1272,7.87,Tsai,,
M252Y,3,,,,,,,,,,,,,,37,1.5,26.8,336,9.49,2.04,32,0.0688,384,233,1.11,49.9,2492,11.76,Tsai,,
M252Y,3,,,,,,,,,,,,,,49,1.5,26.9,447,9.59,2.04,32.2,0.0667,385,227,1.18,66.62,4032,15.7,Tsai,,
M252Y,3,,,,,,,,,,,,,,4,0.6,27.5,11,9.92,2.06,32.6,0.0647,387,161,0.79,5.8,67,1.37,Tsai,,
M252Y,3,,,,,,,,,,,,,,12,0.6,27.3,13,9.8,2.05,32.5,0.0641,384,147,0.88,16.77,401,3.95,Tsai,,
M252Y,3,,High Visc,,,,,,,,,,,,3,1,31.3,28,12.42,2.27,36.1,0.1005,392,215,0.68,0.52,15,0.12,Tsai,,
M252Y,3,,,,,,,,,,,,,,4,1,31.6,28,12.68,2.28,36.4,0.0975,389,208,0.71,0.67,24,0.16,Tsai,,
M252Y,3,,,,,,,,,,,,,,9,1,31.1,31,12.26,2.23,35.9,0.0944,391,193,0.83,1.38,84,0.32,Tsai,,
M252Y,3,,,,,,,,,,,,,,12,1,30.3,32,11.7,2.17,35.2,0.0914,391,193,0.86,1.76,132,0.42,Tsai,,
M252Y,3,,,,,,,,,,,,,,18,1,29.9,34,11.46,2.15,34.8,0.0902,390,191,0.88,2.63,261,0.62,Tsai,,
M252Y,3,,,,,,,,,,,,,,24,1,29.7,36,11.35,2.14,34.7,0.0901,391,188,0.91,3.48,421,0.82,Tsai,,
M252Y,3,,,,,,,,,,,,,,37,1,29.7,44,11.32,2.13,34.6,0.0884,389,180,0.97,5.2,827,1.23,Tsai,,
M252Y,3,,,,,,,,,,,,,,49,1,29.7,93,11.34,2.12,34.7,0.0865,389,176,1,6.91,1324,1.63,Tsai,,
M252Y,3,,,,,,,,,,,,,,61,1,29.9,212,11.45,2.12,34.8,0.0851,390,171,1.05,8.77,1944,2.07,Tsai,,
M252Y,3,,,,,,,,,,,,,,3,1.5,29.9,59,11.47,2.12,34.8,0.0837,392,279,0.66,0.43,12,0.1,Tsai,,
M252Y,3,,,,,,,,,,,,,,4,1.5,29.9,60,11.46,2.11,34.8,0.0823,392,273,0.71,0.62,23,0.15,Tsai,,
M252Y,3,,,,,,,,,,,,,,6,1.5,29.8,62,11.41,2.1,34.7,0.0809,391,267,0.75,0.89,43,0.21,Tsai,,
M252Y,3,,,,,,,,,,,,,,12,1.5,29.2,68,10.99,2.06,34.2,0.0795,391,258,0.84,1.68,134,0.4,Tsai,,
M252Y,3,,,,,,,,,,,,,,18,1.5,28.4,73,10.52,2.02,33.5,0.0781,391,257,0.86,2.44,255,0.57,Tsai,,
M252Y,3,,,,,,,,,,,,,,25,1.5,28.4,81,10.48,2.01,33.5,0.0775,390,254,0.9,3.23,412,0.76,Tsai,,
M252Y,3,,,,,,,,,,,,,,37,1.5,28.3,154,10.48,2,33.4,0.0759,391,246,0.98,4.82,808,1.14,Tsai,,
M252Y,3,,,,,,,,,,,,,,49,1.5,28.4,401,10.49,2,33.5,0.0748,391,240,1.04,6.43,1300,1.52,Tsai,,
M252Y,3,,,,,,,,,,,,,,6,0.6,28.9,12,10.86,2.02,34,0.0725,393,162,0.76,0.83,41,0.2,Tsai,,
M252Y,3,,,,,,,,,,,,,,9,0.6,28.8,13,10.8,2.01,33.9,0.0702,390,159,0.78,1.25,82,0.29,Tsai,,
M252Y,3,,,,,,,,,,,,,,25,0.6,28.8,16,10.75,2,33.8,0.0699,390,145,0.87,3.31,418,0.78,Tsai,,
M252Y,3,,,,,,,,,,,,,,61,0.6,29,42,10.91,2.01,34,0.0679,390,130,0.97,8.37,1915,1.97,Tsai,,
M250YS,3.1,,Baseline,,,,,,,,,,,,3,1,18.8,33,5.76,1.75,25.7,0.1015,393,250,0.59,3.89,16,0.92,Tsai,,
M250YS,3.1,,,,,,,,,,,,,,6,1,18.7,34,5.73,1.73,25.6,0.0984,393,234,0.69,7.45,50,1.76,Tsai,,
M250YS,3.1,,,,,,,,,,,,,,9,1,18.5,35,5.64,1.71,25.4,0.0954,393,230,0.72,10.58,94,2.49,Tsai,,
M250YS,3.1,,,,,,,,,,,,,,12,1,18.7,36,5.71,1.72,25.5,0.0946,392,228,0.74,14.08,153,3.32,Tsai,,
M250YS,3.1,,,,,,,,,,,,,,18,1,18.8,38,5.74,1.72,25.6,0.0941,392,219,0.79,20.82,298,4.91,Tsai,,
M250YS,3.1,,,,,,,,,,,,,,24,1,18.8,40,5.75,1.72,25.6,0.0934,391,213,0.82,27.66,483,6.52,Tsai,,
M250YS,3.1,,,,,,,,,,,,,,37,1,18.9,51,5.8,1.72,25.7,0.0922,391,203,0.9,41.25,946,9.72,Tsai,,
M250YS,3.1,,,,,,,,,,,,,,49,1,19.2,81,5.9,1.73,25.9,0.0906,392,197,0.94,54.99,1530,12.96,Tsai,,
M250YS,3.1,,,,,,,,,,,,,,61,1,19.3,132,5.97,1.73,26,0.0881,392,190,1,68.6,2219,16.17,Tsai,,
M250YS,3.1,,,,,,,,,,,,,,49,1.5,19.4,141,6.01,1.73,26.1,0.0869,392,247,0.96,54.25,1524,12.79,Tsai,,
M250YS,3.1,,,,,,,,,,,,,,37,1.5,19.5,103,6.02,1.73,26.1,0.0852,392,253,0.92,39.9,940,9.41,Tsai,,
M250YS,3.1,,,,,,,,,,,,,,24,1.5,19.3,83,5.97,1.71,26,0.0829,393,261,0.87,25.82,472,6.09,Tsai,,
M250YS,3.1,,,,,,,,,,,,,,18,1.5,19.2,78,5.93,1.7,25.9,0.0804,393,267,0.84,19.15,290,4.51,Tsai,,
M250YS,3.1,,,,,,,,,,,,,,12,1.5,19.2,74,5.92,1.69,25.9,0.0782,393,274,0.8,12.67,147,2.99,Tsai,,
M250YS,3.1,,,,,,,,,,,,,,9,1.5,18.9,72,5.81,1.67,25.7,0.0771,392,280,0.76,9.43,91,2.22,Tsai,,
M250YS,3.1,,,,,,,,,,,,,,6,1.5,18.7,71,5.74,1.66,25.5,0.0759,392,287,0.72,6.3,47,1.49,Tsai,,
M250YS,3.1,,,,,,,,,,,,,,4,1.5,18.5,69,5.68,1.65,25.4,0.0747,392,294,0.66,4.27,25,1.01,Tsai,,
M250YS,3.1,,,,,,,,,,,,,,3,1.5,18.2,69,5.58,1.63,25.2,0.0736,392,302,0.61,3.27,16,0.77,Tsai,,
M250YS,3.1,,,,,,,,,,,,,,3,0.6,18,13,5.48,1.62,25,0.0724,393,203,0.63,3.13,15,0.74,Tsai,,
M250YS,3.1,,,,,,,,,,,,,,6,0.6,18,14,5.5,1.62,25,0.0716,393,188,0.7,6.17,46,1.45,Tsai,,
M250YS,3.1,,,,,,,,,,,,,,12,0.6,18.1,14,5.53,1.62,25.1,0.071,391,179,0.74,12.44,148,2.93,Tsai,,
M250YS,3.1,,,,,,,,,,,,,,24,0.6,18.2,17,5.59,1.62,25.2,0.0694,391,163,0.84,24.79,465,5.84,Tsai,,
M250YS,3.1,,,,,,,,,,,,,,49,0.6,18.1,51,5.55,1.61,25.1,0.0689,391,151,0.91,49.23,1468,11.6,Tsai,,
M250YS,3.1,,,,,,,,,,,,,,4,0.6,17.8,13,5.41,1.59,24.8,0.0681,394,199,0.67,4.43,26,1.04,Tsai,,
M250YS,3.1,,Low surf tens,,,,,,,,,,,,4,1,26.3,31,9.17,2.13,31.7,0.1017,395,221,0.66,4.73,49,1.12,Tsai,,
M250YS,3.1,,,,,,,,,,,,,,6,1,26,33,9.01,2.11,31.4,0.0992,395,199,0.78,7.96,120,1.88,Tsai,,
M250YS,3.1,,,,,,,,,,,,,,12,1,25.3,35,8.68,2.06,30.9,0.0966,394,194,0.83,15.39,377,3.63,Tsai,,
M250YS,3.1,,,,,,,,,,,,,,18,1,25.2,37,8.64,2.05,30.8,0.0941,394,188,0.87,22.95,743,5.41,Tsai,,
M250YS,3.1,,,,,,,,,,,,,,24,1,25.1,45,8.59,2.04,30.7,0.0932,393,182,0.91,30.23,1188,7.13,Tsai,,
M250YS,3.1,,,,,,,,,,,,,,37,1,24.9,186,8.45,2.02,30.5,0.0913,393,180,0.96,45.1,2336,10.63,Tsai,,
M250YS,3.1,,,,,,,,,,,,,,9,1,24.9,34,8.47,2,30.5,0.0869,394,201,0.83,11.19,231,2.64,Tsai,,
M250YS,3.1,,,,,,,,,,,,,,4,1,24.7,33,8.39,1.98,30.4,0.0846,392,218,0.75,5.46,70,1.29,Tsai,,
M250YS,3.1,,,,,,,,,,,,,,3,1.5,24.9,67,8.46,1.98,30.5,0.0822,392,275,0.68,3.85,40,0.91,Tsai,,
M250YS,3.1,,,,,,,,,,,,,,4,1.5,24.5,68,8.29,1.96,30.2,0.0799,393,271,0.74,5.28,68,1.24,Tsai,,
M250YS,3.1,,,,,,,,,,,,,,6,1.5,24.1,71,8.07,1.92,29.8,0.0776,393,264,0.81,7.18,117,1.69,Tsai,,
M250YS,3.1,,,,,,,,,,,,,,9,1.5,23.8,75,7.92,1.91,29.6,0.0773,394,261,0.84,10.5,228,2.48,Tsai,,
M250YS,3.1,,,,,,,,,,,,,,12,1.5,23.4,79,7.73,1.88,29.2,0.0757,394,259,0.88,13.75,364,3.24,Tsai,,
M250YS,3.1,,,,,,,,,,,,,,18,1.5,22.9,91,7.52,1.86,28.9,0.0746,393,258,0.9,20.47,715,4.82,Tsai,,
M250YS,3.1,,,,,,,,,,,,,,24,1.5,22.6,109,7.36,1.84,28.6,0.0735,393,253,0.95,27.16,1155,6.4,Tsai,,
M250YS,3.1,,,,,,,,,,,,,,37,1.5,22.2,202,7.16,1.81,28.2,0.0731,393,247,1.01,40.46,2261,9.54,Tsai,,
M250YS,3.1,,,,,,,,,,,,,,25,0.6,21.6,29,6.92,1.78,27.8,0.0721,394,144,0.9,27.42,1168,6.46,Tsai,,
M250YS,3.1,,,,,,,,,,,,,,12,0.6,21.4,16,6.83,1.76,27.6,0.0687,394,156,0.85,13.61,364,3.21,Tsai,,
M250YS,3.1,,,,,,,,,,,,,,6,0.6,21.2,15,6.77,1.75,27.5,0.0678,395,168,0.79,6.76,113,1.59,Tsai,,
M250YS,3.1,,,,,,,,,,,,,,4,0.6,21.1,14,6.73,1.74,27.4,0.0669,395,180,0.74,4.41,56,1.04,Tsai,,
M125Y,3.2,,Baseline,,,,,,,,,,,,3,1,25.8,18,8.91,2.11,31.2,0.1002,394,291,0.69,8.78,57,2.07,Tsai,,
M125Y,3.2,,,,,,,,,,,,,,6,1,25.9,19,8.97,2.11,31.3,0.0984,394,278,0.81,17.76,189,4.19,Tsai,,
M125Y,3.2,,,,,,,,,,,,,,9,1,25.6,19,8.8,2.08,31,0.0965,394,274,0.84,26.19,368,6.17,Tsai,,
M125Y,3.2,,,,,,,,,,,,,,12,1,25.4,20,8.71,2.07,30.9,0.0947,392,270,0.88,34.6,591,8.15,Tsai,,
M125Y,3.2,,,,,,,,,,,,,,18,1,25.5,21,8.74,2.07,30.9,0.0945,392,263,0.95,51.78,1161,12.2,Tsai,,
M125Y,3.2,,,,,,,,,,,,,,24,1,25.5,22,8.77,2.07,31,0.0937,392,259,0.99,68.99,1875,16.26,Tsai,,
M125Y,3.2,,,,,,,,,,,,,,37,1,25.6,29,8.82,2.07,31.1,0.0928,391,251,1.06,103.45,3681,24.38,Tsai,,
M125Y,3.2,,,,,,,,,,,,,,49,1,25.5,44,8.77,2.06,31,0.092,390,246,1.11,138.07,5946,32.54,Tsai,,
M125Y,3.2,,,,,,,,,,,,,,61,1,25.5,67,8.77,2.06,31,0.091,390,242,1.16,173.1,8646,40.8,Tsai,,
M125Y,3.2,,,,,,,,,,,,,,72,1,25.6,90,8.81,2.06,31,0.0898,389,235,1.23,206.31,11528,48.63,Tsai,,
M125Y,3.2,,,,,,,,,,,,,,3,1.5,25.2,37,8.63,2.03,30.8,0.0882,389,320,0.73,8.69,59,2.05,Tsai,,
M125Y,3.2,,,,,,,,,,,,,,4,1.5,25.2,38,8.63,2.02,30.8,0.0866,387,315,0.77,12.01,102,2.83,Tsai,,
M125Y,3.2,,,,,,,,,,,,,,6,1.5,25.1,38,8.58,2.01,30.7,0.0849,387,312,0.82,17.11,187,4.03,Tsai,,
M125Y,3.2,,,,,,,,,,,,,,9,1.5,24.8,39,8.41,1.99,30.4,0.0833,386,309,0.86,25.12,361,5.92,Tsai,,
M125Y,3.2,,,,,,,,,,,,,,12,1.5,24.6,41,8.3,1.98,30.2,0.083,387,307,0.91,33.46,588,7.89,Tsai,,
M125Y,3.2,,,,,,,,,,,,,,18,1.5,24.5,43,8.24,1.97,30.1,0.0825,386,301,0.98,49.9,1150,11.76,Tsai,,
M125Y,3.2,,,,,,,,,,,,,,24,1.5,24.7,46,8.35,1.98,30.3,0.0817,385,299,1,66.38,1853,15.65,Tsai,,
M125Y,3.2,,,,,,,,,,,,,,37,1.5,24.6,57,8.31,1.97,30.2,0.0809,386,294,1.08,99.57,3642,23.47,Tsai,,
M125Y,3.2,,,,,,,,,,,,,,49,1.5,24.7,75,8.35,1.97,30.3,0.08,387,289,1.16,132.93,5892,31.33,Tsai,,
M125Y,3.2,,,,,,,,,,,,,,61,1.5,24.8,99,8.44,1.97,30.4,0.0789,389,287,1.22,166.14,8524,39.16,Tsai,,
M125Y,3.2,,,,,,,,,,,,,,3,0.6,25.3,7,8.71,1.99,30.8,0.0775,389,246,0.72,8.75,62,2.06,Tsai,,
M125Y,3.2,,,,,,,,,,,,,,12,0.6,25.2,8,8.62,1.98,30.7,0.0762,388,225,0.88,33.35,584,7.86,Tsai,,
M125Y,3.2,,,,,,,,,,,,,,25,0.6,25.1,9,8.59,1.97,30.7,0.0757,388,210,1.01,67.1,1871,15.82,Tsai,,
M125Y,3.2,,,,,,,,,,,,,,72,0.6,25.2,60,8.66,1.98,30.8,0.0749,387,186,1.2,199.12,11355,46.93,Tsai,,
M125Y,3.2,,Low surf tens,,,,,,,,,,,,3,1,30.1,17,11.56,2.35,35,0.0996,391,276,0.73,9.27,128,2.19,Tsai,,
M125Y,3.2,,,,,,,,,,,,,,6,1,30.5,18,11.86,2.36,35.4,0.0967,390,261,0.86,19.71,457,4.65,Tsai,,
M125Y,3.2,,,,,,,,,,,,,,9,1,30.2,19,11.61,2.34,35.1,0.0962,391,255,0.91,29.39,907,6.93,Tsai,,
M125Y,3.2,,,,,,,,,,,,,,12,1,29.9,20,11.42,2.32,34.8,0.0959,389,252,0.93,38.82,1457,9.15,Tsai,,
M125Y,3.2,,,,,,,,,,,,,,18,1,29.9,22,11.44,2.32,34.8,0.0954,391,245,1.01,57.93,2858,13.66,Tsai,,
M125Y,3.2,,,,,,,,,,,,,,24,1,29.8,29,11.35,2.31,34.7,0.0947,391,242,1.05,76.8,4589,18.1,Tsai,,
M125Y,3.2,,,,,,,,,,,,,,37,1,29.6,50,11.25,2.3,34.6,0.0934,390,235,1.12,114.93,9018,27.09,Tsai,,
M125Y,3.2,,,,,,,,,,,,,,49,1,29.7,75,11.28,2.29,34.6,0.0924,389,230,1.17,152.93,14522,36.05,Tsai,,
M125Y,3.2,,,,,,,,,,,,,,61,1,29.8,106,11.39,2.3,34.8,0.0908,389,223,1.23,192.13,21153,45.29,Tsai,,
M125Y,3.2,,,,,,,,,,,,,,3,1.5,30.1,37,11.57,2.3,35,0.0884,388,308,0.78,8.96,127,2.11,Tsai,,
M125Y,3.2,,,,,,,,,,,,,,4,1.5,30.1,39,11.62,2.29,35,0.0859,386,305,0.81,13.78,263,3.25,Tsai,,
M125Y,3.2,,,,,,,,,,,,,,6,1.5,30.1,41,11.58,2.28,35,0.0834,387,300,0.88,19.03,460,4.49,Tsai,,
M125Y,3.2,,,,,,,,,,,,,,9,1.5,30,44,11.53,2.27,34.9,0.0832,386,294,0.96,28.12,890,6.63,Tsai,,
M125Y,3.2,,,,,,,,,,,,,,12,1.5,29.8,47,11.41,2.26,34.7,0.0829,387,291,1,37.27,1438,8.78,Tsai,,
M125Y,3.2,,,,,,,,,,,,,,18,1.5,29.5,55,11.22,2.24,34.5,0.0821,387,289,1.05,55.61,2818,13.11,Tsai,,
M125Y,3.2,,,,,,,,,,,,,,24,1.5,29.5,63,11.19,2.23,34.4,0.081,387,286,1.08,74.01,4559,17.45,Tsai,,
M125Y,3.2,,,,,,,,,,,,,,37,1.5,29.5,91,11.21,2.23,34.5,0.0799,385,281,1.14,110.86,8964,26.13,Tsai,,
M125Y,3.2,,,,,,,,,,,,,,49,1.5,29.7,135,11.34,2.24,34.6,0.0799,386,276,1.21,147.67,14395,34.81,Tsai,,
M125Y,3.2,,,,,,,,,,,,,,61,0.6,29.9,56,11.47,2.24,34.8,0.0784,387,171,1.18,186.62,21018,43.99,Tsai,,
M125Y,3.2,,,,,,,,,,,,,,24,0.6,30,12,11.56,2.25,34.9,0.0778,386,190,1.04,75.18,4586,17.72,Tsai,,
M125Y,3.2,,,,,,,,,,,,,,12,0.6,30,9,11.52,2.24,34.9,0.0773,387,202,0.95,37.62,1445,8.87,Tsai,,
M125Y,3.2,,,,,,,,,,,,,,3,0.6,30.2,7,11.71,2.25,35.1,0.0768,385,225,0.79,9.79,153,2.31,Tsai,,
M2Y,3.1,,Baseline,,,,,,,,,,,,3,1,28.9,28,10.77,2.28,34,0.1009,436,263,0.66,6.04,29,1.42,Tsai,,
M2Y,3.1,,,,,,,,,,,,,,6,1,28.8,28,10.72,2.26,33.9,0.0972,436,247,0.75,10.59,76,2.5,Tsai,,
M2Y,3.1,,,,,,,,,,,,,,12,1,28.5,30,10.52,2.22,33.6,0.0936,436,239,0.82,20.66,240,4.87,Tsai,,
M2Y,3.1,,,,,,,,,,,,,,24,1,28.5,33,10.52,2.22,33.6,0.0927,436,228,0.89,40.76,754,9.61,Tsai,,
M2Y,3.1,,,,,,,,,,,,,,37,1,28.2,37,10.37,2.2,33.4,0.0914,435,222,0.94,60.9,1484,14.35,Tsai,,
M2Y,3.1,,,,,,,,,,,,,,49,1,28.2,47,10.34,2.19,33.3,0.0904,435,216,0.98,80.77,2395,19.04,Tsai,,
M2Y,3.1,,,,,,,,,,,,,,61,1,28.2,68,10.36,2.18,33.3,0.0885,436,211,1.02,100.35,3460,23.65,Tsai,,
M2Y,3.1,,,,,,,,,,,,,,73,1,28.1,69,10.27,2.17,33.2,0.0872,436,211,1.04,120.22,4694,28.34,Tsai,,
M2Y,3.1,,,,,,,,,,,,,,3,1.5,28.2,57,10.39,2.17,33.4,0.0844,422,313,0.65,4.16,17,0.98,Tsai,,
M2Y,3.1,,,,,,,,,,,,,,6,1.5,27.7,60,10.07,2.13,32.9,0.0816,422,298,0.78,9.84,74,2.32,Tsai,,
M2Y,3.1,,,,,,,,,,,,,,12,1.5,27.1,64,9.69,2.08,32.3,0.0787,420,293,0.84,19.35,236,4.56,Tsai,,
M2Y,3.1,,,,,,,,,,,,,,18,1.5,26.7,67,9.47,2.06,32,0.0776,420,290,0.88,28.71,461,6.77,Tsai,,
M2Y,3.1,,,,,,,,,,,,,,24,1.5,26.2,71,9.22,2.03,31.6,0.0767,424,288,0.93,37.7,735,8.89,Tsai,,
M2Y,3.1,,,,,,,,,,,,,,37,1.5,25.8,81,9,2,31.3,0.0755,424,282,0.99,56.29,1446,13.27,Tsai,,
M2Y,3.1,,,,,,,,,,,,,,49,1.5,25.5,96,8.83,1.98,31,0.0748,424,278,1.05,74.66,2333,17.6,Tsai,,
M2Y,3.1,,,,,,,,,,,,,,61,1.5,25.3,146,8.72,1.96,30.8,0.0728,421,274,1.09,93.19,3384,21.97,Tsai,,
M2Y,3.1,,,,,,,,,,,,,,73,0.6,25.3,24,8.69,1.96,30.8,0.071,471,167,1.07,112.09,4595,26.42,Tsai,,
M2Y,3.1,,,,,,,,,,,,,,49,0.6,25.2,19,8.64,1.94,30.7,0.0688,471,180,1.01,74.74,2339,17.62,Tsai,,
M2Y,3.1,,,,,,,,,,,,,,24,0.6,25.1,14,8.61,1.94,30.7,0.0682,471,189,0.97,37.24,735,8.78,Tsai,,
M2Y,3.1,,,,,,,,,,,,,,12,0.6,25,13,8.58,1.92,30.6,0.0661,470,205,0.89,18.66,234,4.4,Tsai,,
M2Y,3.1,,,,,,,,,,,,,,3,0.6,24.8,11,8.49,1.9,30.5,0.0623,470,235,0.78,3.83,17,0.9,Tsai,,
F1Y,3,,Baseline,,,,,,,,,,,,6,1.5,34,133,14.52,2.56,38.5,0.0913,380,201,0.62,5.02,19,1.18,Tsai,,
F1Y,3,,,,,,,,,,,,,,12,1.5,33.3,144,13.99,2.52,37.9,0.0913,380,189,0.68,9.75,60,2.3,Tsai,,
F1Y,3,,,,,,,,,,,,,,18,1.5,32.9,159,13.64,2.49,37.5,0.0906,380,188,0.7,14.42,118,3.4,Tsai,,
F1Y,3,,,,,,,,,,,,,,24,1.5,32.5,180,13.31,2.46,37.1,0.0892,380,185,0.73,19.02,189,4.48,Tsai,,
F1Y,3,,,,,,,,,,,,,,31,1.5,32,214,12.95,2.42,36.7,0.0874,380,183,0.76,23.56,273,5.55,Tsai,,
F1Y,3,,,,,,,,,,,,,,37,1.5,31.8,290,12.77,2.39,36.5,0.0848,380,180,0.8,28,369,6.6,Tsai,,
F1Y,3,,,,,,,,,,,,,,6,1,29.4,80,11.11,2.3,34.4,0.0958,391,151,0.67,4.81,19,1.13,Tsai,,
F1Y,3,,,,,,,,,,,,,,12,1,29.5,68,11.17,2.31,34.5,0.0956,391,142,0.71,9.49,59,2.24,Tsai,,
F1Y,3,,,,,,,,,,,,,,18,1,29.6,84,11.26,2.31,34.6,0.0943,391,138,0.73,14.11,116,3.33,Tsai,,
F1Y,3,,,,,,,,,,,,,,24,1,29.8,89,11.36,2.31,34.7,0.0924,391,135,0.75,18.75,188,4.42,Tsai,,
F1Y,3,,,,,,,,,,,,,,37,1,30.1,128,11.59,2.32,35,0.0906,391,130,0.78,28.06,369,6.61,Tsai,,
F1Y,3,,,,,,,,,,,,,,49,1,30.2,261,11.66,2.31,35.1,0.0881,388,127,0.81,37.35,596,8.8,Tsai,,
F1Y,3,,,,,,,,,,,,,,6,0.6,33.4,12,14.03,2.53,38,0.0955,390,76,0.64,4.96,19,1.17,Tsai,,
F1Y,3,,,,,,,,,,,,,,12,0.6,33.4,19,14.03,2.52,38,0.0955,390,68,0.68,9.93,60,2.34,Tsai,,
F1Y,3,,,,,,,,,,,,,,18,0.6,33.5,55,14.14,2.53,38.1,0.0949,390,66,0.69,14.9,119,3.51,Tsai,,
F1Y,3,,,,,,,,,,,,,,25,0.6,33.4,34,14.08,2.52,38,0.0932,390,63,0.72,19.85,193,4.68,Tsai,,
F1Y,3,,,,,,,,,,,,,,37,0.6,33.4,39,14.1,2.51,38.1,0.0919,390,59,0.75,29.66,378,6.99,Tsai,,
F1Y,3,,Intermediate visc,,,,,,,,,,,,2,1,33.5,75,14.13,2.4,38.1,0.0885,411,191,0.53,0.28,2,0.07,Tsai,,
F1Y,3,,,,,,,,,,,,,,6,1,33.8,92,14.39,2.41,38.4,0.0865,411,160,0.65,0.69,11,0.16,Tsai,,
F1Y,3,,,,,,,,,,,,,,12,1,32.8,162,13.58,2.34,37.4,0.085,408,151,0.71,1.34,35,0.32,Tsai,,
F1Y,3,,,,,,,,,,,,,,24,1,34.1,103,14.64,2.39,38.6,0.0807,398,132,0.79,2.72,111,0.64,Tsai,,
F1Y,3,,,,,,,,,,,,,,31,1,34.3,231,14.8,2.4,38.8,0.0796,398,134,0.78,3.37,161,0.8,Tsai,,
F1Y,3,,,,,,,,,,,,,,18,1,34.3,225,14.85,2.39,38.8,0.0781,401,146,0.73,2.03,69,0.48,Tsai,,
F1Y,3,,,,,,,,,,,,,,2,1.5,34.7,155,15.21,2.4,39.2,0.0751,388,243,0.52,0.28,2,0.07,Tsai,,
F1Y,3,,,,,,,,,,,,,,6,1.5,34.9,168,15.39,2.39,39.4,0.071,388,224,0.63,0.69,11,0.16,Tsai,,
F1Y,3,,,,,,,,,,,,,,12,1.5,34.6,249,15.14,2.35,39.1,0.067,383,208,0.72,1.32,35,0.31,Tsai,,
P500,3.1,,Baseline,,,,,,,,,,,,3,1.5,29.8,213,11.39,2.33,34.8,0.098,392,187,0.61,2.1,5,0.5,Tsai,,
P500,3.1,,,,,,,,,,,,,,6,1.5,29.7,240,11.31,2.29,34.6,0.0928,392,173,0.69,3.83,14,0.9,Tsai,,
P500,3.1,,,,,,,,,,,,,,9,1.5,29.4,274,11.13,2.25,34.4,0.0876,386,169,0.72,5.6,27,1.32,Tsai,,
P500,3.1,,,,,,,,,,,,,,12,1.5,29.3,299,11.06,2.24,34.3,0.086,386,170,0.73,7.35,44,1.73,Tsai,,
P500,3.1,,,,,,,,,,,,,,18,1.5,29.2,410,10.97,2.23,34.2,0.0846,384,170,0.73,11,87,2.59,Tsai,,
P500,3.1,,,,,,,,,,,,,,3,1,29.3,99,11.07,2.22,34.3,0.0823,384,136,0.63,2.06,5,0.48,Tsai,,
P500,3.1,,,,,,,,,,,,,,6,1,29.4,104,11.17,2.22,34.4,0.0799,384,129,0.67,3.61,14,0.85,Tsai,,
P500,3.1,,,,,,,,,,,,,,12,1,29.3,116,11.09,2.2,34.3,0.0776,384,123,0.71,7.23,44,1.7,Tsai,,
P500,3.1,,,,,,,,,,,,,,18,1,30,128,11.61,2.22,34.9,0.0724,385,121,0.74,10.94,87,2.58,Tsai,,
P500,3.1,,,,,,,,,,,,,,24,1,30.3,146,11.75,2.23,35.1,0.0712,385,120,0.75,14.53,140,3.43,Tsai,,
P500,3.1,,,,,,,,,,,,,,37,1,30.1,250,11.67,2.21,35,0.0693,385,119,0.77,21.82,277,5.14,Tsai,,
P500,3.1,,,,,,,,,,,,,,43,1,29.9,346,11.52,2.19,34.8,0.0676,385,119,0.79,25.37,357,5.98,Tsai,,
P500,3.1,,,,,,,,,,,,,,4,0.6,30.8,39,12.16,2.23,35.6,0.0655,382,80,0.63,2.29,6,0.54,Tsai,,
P500,3.1,,,,,,,,,,,,,,6,0.6,31.2,41,12.47,2.25,36,0.0634,382,73,0.67,3.63,14,0.86,Tsai,,
P500,3.1,,,,,,,,,,,,,,12,0.6,30.6,46,12.06,2.2,35.5,0.0613,383,72,0.69,7.27,45,1.71,Tsai,,
P500,3.1,,,,,,,,,,,,,,24,0.6,30.8,63,12.15,2.21,35.6,0.0606,383,68,0.72,14.48,141,3.41,Tsai,,
P500,3.1,,,,,,,,,,,,,,31,0.6,31.3,92,12.54,2.23,36.1,0.0593,383,65,0.74,18.15,205,4.28,Tsai,,
P500,3.1,,Low surf tens,,,,,,,,,,,,3,1,26.8,90,9.48,2.15,32.1,0.1015,396,108,0.74,1.97,11,0.46,Tsai,,
P500,3.1,,,,,,,,,,,,,,6,1,26.6,96,9.38,2.12,32,0.0969,396,102,0.8,3.76,32,0.89,Tsai,,
P500,3.1,,,,,,,,,,,,,,9,1,26.6,104,9.42,2.11,32,0.0924,393,105,0.8,5.51,63,1.3,Tsai,,
P500,3.1,,,,,,,,,,,,,,12,1,27.1,102,9.71,2.13,32.4,0.09,393,103,0.81,7.33,102,1.73,Tsai,,
P500,3.1,,,,,,,,,,,,,,18,1,27.2,113,9.74,2.13,32.5,0.0897,393,102,0.82,10.98,201,2.59,Tsai,,
P500,3.1,,,,,,,,,,,,,,25,1,27.3,124,9.84,2.13,32.6,0.0874,391,103,0.82,14.64,327,3.45,Tsai,,
P500,3.1,,,,,,,,,,,,,,31,1,27.5,168,9.95,2.13,32.7,0.086,391,104,0.81,18.15,471,4.28,Tsai,,
P500,3.1,,,,,,,,,,,,,,24,1,27.8,130,10.17,2.12,33,0.0795,392,108,0.83,14.35,323,3.38,Tsai,,
P500,3.1,,,,,,,,,,,,,,12,1,28.1,100,10.31,2.12,33.2,0.0759,392,112,0.82,7.19,102,1.69,Tsai,,
P500,3.1,,,,,,,,,,,,,,31,1,28.1,154,10.33,2.11,33.2,0.0741,392,110,0.84,17.89,470,4.22,Tsai,,
P500,3.1,,,,,,,,,,,,,,3,1.5,28.4,185,10.52,2.11,33.5,0.0701,389,196,0.7,2.05,13,0.48,Tsai,,
P500,3.1,,,,,,,,,,,,,,6,1.5,28.4,196,10.58,2.1,33.6,0.0662,389,187,0.77,3.55,32,0.84,Tsai,,
P500,3.1,,,,,,,,,,,,,,9,1.5,28.2,206,10.46,2.07,33.4,0.0622,388,188,0.79,5.26,63,1.24,Tsai,,
P500,3.1,,,,,,,,,,,,,,12,1.5,28.4,218,10.6,2.08,33.6,0.0607,389,189,0.79,6.95,101,1.64,Tsai,,
P500,3.1,,,,,,,,,,,,,,18,1.5,28.5,260,10.61,2.07,33.6,0.0594,389,185,0.82,10.36,198,2.44,Tsai,,
P500,3.1,,,,,,,,,,,,,,12,0.6,28.5,41,10.65,2.07,33.6,0.0582,389,67,0.79,6.92,101,1.63,Tsai,,
P500,3.1,,,,,,,,,,,,,,18,0.6,28.7,46,10.8,2.07,33.8,0.0555,386,67,0.8,10.38,199,2.45,Tsai,,
P500,3.1,,,,,,,,,,,,,,9,0.6,28.9,38,10.92,2.08,34,0.0543,386,71,0.78,5.2,63,1.23,Tsai,,
P500,3.1,,,,,,,,,,,,,,37,1,29.5,811,11.31,2.1,34.5,0.0532,388,118,0.92,21.05,636,4.96,Tsai,,
M2X,2.85,,,,,,,,,,,,,,73.4,1.48,24.4,,8.23,2.03,30.2,0.11,385,245,1.12,,,,Wang,,
M2X,2.85,,,,,,,,,,,,,,61.2,1.48,24,,8.03,2,29.9,0.11,386,249,1.11,,,,Wang,,
M2X,2.85,,,,,,,,,,,,,,48.9,1.48,23.6,,7.84,1.97,29.5,0.11,386,254,1.07,,,,Wang,,
M2X,2.85,,,,,,,,,,,,,,36.7,1.48,23.3,,7.69,1.95,29.3,0.11,391,264,1.01,,,,Wang,,
M2X,2.85,,,,,,,,,,,,,,24.5,1.48,23,,7.56,1.93,29,0.11,387,266,0.98,,,,Wang,,
M2X,2.85,,,,,,,,,,,,,,18.3,1.48,22.8,,7.46,1.91,28.9,0.1,386,278,0.87,,,,Wang,,
M2X,2.85,,,,,,,,,,,,,,12.2,1.48,22.6,,7.38,1.9,28.7,0.1,386,280,0.86,,,,Wang,,
M2X,2.85,,,,,,,,,,,,,,6,1.48,22.5,,7.32,1.89,28.6,0.1,387,288,0.8,,,,Wang,,
M2X,2.85,,,,,,,,,,,,,,6.1,1,22.3,,7.22,1.87,28.4,0.1,395,250,0.85,,,,Wang,,
M2X,2.85,,,,,,,,,,,,,,12.2,0.99,21.8,,7.04,1.83,28.1,0.1,386,245,0.87,,,,Wang,,
M2X,2.85,,,,,,,,,,,,,,18.3,0.99,21.9,,7.09,1.84,28.2,0.09,386,247,0.85,,,,Wang,,
M2X,2.85,,,,,,,,,,,,,,24.5,0.99,21.7,,7,1.82,28,0.09,387,235,0.98,,,,Wang,,
M2X,2.85,,,,,,,,,,,,,,36.7,0.99,21.6,,6.92,1.81,27.9,0.09,386,229,1.04,,,,Wang,,
M2X,2.85,,,,,,,,,,,,,,48.9,0.99,21.4,,6.86,1.79,27.8,0.09,397,227,1.13,,,,Wang,,
M2X,2.85,,,,,,,,,,,,,,61.1,0.99,21.3,,6.82,1.78,27.7,0.09,387,226,1.09,,,,Wang,,
M2X,2.85,,,,,,,,,,,,,,73.4,0.99,21.2,,6.78,1.77,27.6,0.09,386,228,1.09,,,,Wang,,
M2X,2.85,,,,,,,,,,,,,,73.4,0.59,21,,6.68,1.75,27.4,0.08,390,174,1.04,,,,Wang,,
M2X,2.85,,,,,,,,,,,,,,61.1,0.59,20.9,,6.64,1.75,27.3,0.08,400,179,1.04,,,,Wang,,
M2X,2.85,,,,,,,,,,,,,,48.9,0.59,20.7,,6.57,1.73,27.2,0.08,388,174,1.05,,,,Wang,,
M2X,2.85,,,,,,,,,,,,,,36.6,0.59,20.5,,6.47,1.72,27,0.08,391,185,0.99,,,,Wang,,
M2X,2.85,,,,,,,,,,,,,,24.4,0.59,20.2,,6.37,1.7,26.8,0.08,393,187,1,,,,Wang,,
M2X,2.85,,,,,,,,,,,,,,18.4,0.6,19.9,,6.26,1.69,26.6,0.08,393,194,0.97,,,,Wang,,
M2X,2.85,,,,,,,,,,,,,,12.2,0.59,19.7,,6.16,1.67,26.4,0.08,407,208,0.91,,,,Wang,,
M2X,2.85,,,,,,,,,,,,,,6.1,0.59,19.4,,6.08,1.66,26.2,0.08,402,220,0.83,,,,Wang,,
M2X,2.85,,,,,,,,,,,,,,24.4,1.98,19.2,,5.98,1.64,26,0.07,408,331,0.95,,,,Wang,,
M2X,2.85,,,,,,,,,,,,,,24.5,2.47,19.2,,5.98,1.64,26,0.07,415,352,0.95,,,,Wang,,
M2X,2.85,,,,,,,,,,,,,,49,1.98,18.8,,5.78,1.69,25.6,0.09,394,284,1.34,,,,Wang,,
RSP250Y,3.04,,,,,,,,,,,,,,24.4,0.59,16.9,,5.09,1.66,24.2,0.11,401,114,1.01,,,,Wang,,
RSP250Y,3.04,,,,,,,,,,,,,,73.3,0.59,17.1,,5.14,1.67,24.3,0.11,401,124,0.95,,,,Wang,,
RSP250Y,3.04,,,,,,,,,,,,,,61.1,0.59,17,,5.13,1.67,24.3,0.11,401,121,0.97,,,,Wang,,
RSP250Y,3.04,,,,,,,,,,,,,,36.6,0.59,16.7,,5.03,1.66,24.1,0.11,401,113,1.04,,,,Wang,,
RSP250Y,3.04,,,,,,,,,,,,,,48.6,0.59,17,,5.11,1.67,24.3,0.11,401,118,1,,,,Wang,,
RSP250Y,3.04,,,,,,,,,,,,,,6.1,0.6,17,,5.14,1.67,24.4,0.11,401,147,0.81,,,,Wang,,
RSP250Y,3.04,,,,,,,,,,,,,,12.2,0.6,17,,5.14,1.67,24.4,0.11,401,124,0.96,,,,Wang,,
RSP250Y,3.04,,,,,,,,,,,,,,12.3,0.99,12,,3.69,1.44,20.9,0.12,411,211,0.95,,,,Wang,,
RSP250Y,3.04,,,,,,,,,,,,,,48.9,0.99,11.3,,3.52,1.41,20.4,0.12,411,195,1.09,,,,Wang,,
RSP250Y,3.04,,,,,,,,,,,,,,6.1,0.99,12.4,,3.81,1.46,21.2,0.12,411,223,0.86,,,,Wang,,
RSP250Y,3.04,,,,,,,,,,,,,,36.6,0.99,11.4,,3.54,1.42,20.4,0.12,411,195,1.08,,,,Wang,,
RSP250Y,3.04,,,,,,,,,,,,,,24.4,0.99,11.4,,3.56,1.42,20.5,0.12,411,201,1.04,,,,Wang,,
RSP250Y,3.04,,,,,,,,,,,,,,61.1,0.99,11.3,,3.51,1.41,20.4,0.12,411,200,1.06,,,,Wang,,
RSP250Y,3.04,,,,,,,,,,,,,,73.3,0.99,11.4,,3.54,1.42,20.4,0.12,411,185,1.17,,,,Wang,,
RSP250Y,3.04,,,,,,,,,,,,,,6.1,1.48,17.2,,5.2,1.68,24.5,0.11,401,253,0.94,,,,Wang,,
RSP250Y,3.04,,,,,,,,,,,,,,36.7,1.48,11.5,,3.56,1.42,20.5,0.12,411,247,1.13,,,,Wang,,
RSP250Y,3.04,,,,,,,,,,,,,,61.1,1.48,16.8,,5.03,1.66,24.1,0.11,401,221,1.25,,,,Wang,,
RSP250Y,3.04,,,,,,,,,,,,,,24.4,1.48,17,,5.12,1.67,24.3,0.11,401,233,1.1,,,,Wang,,
RSP250Y,3.04,,,,,,,,,,,,,,12.1,1.49,16.7,,5.02,1.66,24.1,0.11,401,246,1.02,,,,Wang,,
RSP250Y,3.04,,,,,,,,,,,,,,48.9,1.49,11.5,,3.56,1.43,20.5,0.11,411,244,1.16,,,,Wang,,
RSP250Y,3.04,,,,,,,,,,,,,,48.9,1.98,17,,5.11,1.68,24.3,0.1,401,259,1.22,,,,Wang,,
RSP250Y,3.04,,,,,,,,,,,,,,24.4,1.98,16.9,,5.06,1.67,24.1,0.1,401,269,1.12,,,,Wang,,
RSP250Y,3.04,,,,,,,,,,,,,,24.4,0.59,16.9,,5.09,1.66,24.2,0.11,401,114,1.01,,,,Wang,,
RSP250Y,3.04,,,,,,,,,,,,,,73.3,0.59,17.1,,5.14,1.67,24.3,0.11,401,124,0.95,,,,Wang,,
RSP250Y,3.04,,,,,,,,,,,,,,61.1,0.59,17,,5.13,1.67,24.3,0.11,401,121,0.97,,,,Wang,,
RSP250Y,3.04,,,,,,,,,,,,,,36.6,0.59,16.7,,5.03,1.66,24.1,0.11,401,113,1.04,,,,Wang,,
RSP250Y,3.04,,,,,,,,,,,,,,48.6,0.59,17,,5.11,1.67,24.3,0.11,401,118,1,,,,Wang,,
RSP250Y,3.04,,,,,,,,,,,,,,6.1,0.6,17,,5.14,1.67,24.4,0.11,401,147,0.81,,,,Wang,,
RSP250Y,3.04,,,,,,,,,,,,,,12.2,0.6,17,,5.14,1.67,24.4,0.11,401,124,0.96,,,,Wang,,
RSP250Y,3.04,,,,,,,,,,,,,,12.3,0.99,12,,3.69,1.44,20.9,0.12,411,211,0.95,,,,Wang,,
RSP250Y,3.04,,,,,,,,,,,,,,48.9,0.99,11.3,,3.52,1.41,20.4,0.12,411,195,1.09,,,,Wang,,
RSP250Y,3.04,,,,,,,,,,,,,,6.1,0.99,12.4,,3.81,1.46,21.2,0.12,411,223,0.86,,,,Wang,,
RSP250Y,3.04,,,,,,,,,,,,,,36.6,0.99,11.4,,3.54,1.42,20.4,0.12,411,195,1.08,,,,Wang,,
RSP250Y,3.04,,,,,,,,,,,,,,24.4,0.99,11.4,,3.56,1.42,20.5,0.12,411,201,1.04,,,,Wang,,
RSP250Y,3.04,,,,,,,,,,,,,,61.1,0.99,11.3,,3.51,1.41,20.4,0.12,411,200,1.06,,,,Wang,,
RSP250Y,3.04,,,,,,,,,,,,,,73.3,0.99,11.4,,3.54,1.42,20.4,0.12,411,185,1.17,,,,Wang,,
RSP250Y,3.04,,,,,,,,,,,,,,6.1,1.48,17.2,,5.2,1.68,24.5,0.11,401,253,0.94,,,,Wang,,
RSP250Y,3.04,,,,,,,,,,,,,,36.7,1.48,11.5,,3.56,1.42,20.5,0.12,411,247,1.13,,,,Wang,,
RSP250Y,3.04,,,,,,,,,,,,,,61.1,1.48,16.8,,5.03,1.66,24.1,0.11,401,221,1.25,,,,Wang,,
RSP250Y,3.04,,,,,,,,,,,,,,24.4,1.48,17,,5.12,1.67,24.3,0.11,401,233,1.1,,,,Wang,,
RSP250Y,3.04,,,,,,,,,,,,,,12.1,1.49,16.7,,5.02,1.66,24.1,0.11,401,246,1.02,,,,Wang,,
RSP250Y,3.04,,,,,,,,,,,,,,48.9,1.49,11.5,,3.56,1.43,20.5,0.11,411,244,1.16,,,,Wang,,
RSP250Y,3.04,,,,,,,,,,,,,,48.9,1.98,17,,5.11,1.68,24.3,0.1,401,259,1.22,,,,Wang,,
RSP250Y,3.04,,,,,,,,,,,,,,24.4,1.98,16.9,,5.06,1.67,24.1,0.1,401,269,1.12,,,,Wang,,
GTC350Z,2.79,,,,,,,,,,,,,,6.3,0.6,27.5,,9.87,2.21,32.7,0.1,399,116,0.8,,,,Wang,,
GTC350Z,2.79,,,,,,,,,,,,,,12.2,0.59,27.5,,9.87,2.21,32.7,0.1,399,111,0.84,,,,Wang,,
GTC350Z,2.79,,,,,,,,,,,,,,24.4,0.59,27.5,,9.85,2.21,32.7,0.1,399,99,0.94,,,,Wang,,
GTC350Z,2.79,,,,,,,,,,,,,,36.7,0.59,27.4,,9.82,2.21,32.6,0.1,399,88,1.05,,,,Wang,,
GTC350Z,2.79,,,,,,,,,,,,,,48.9,0.59,27.6,,9.92,2.22,32.8,0.1,399,82,1.12,,,,Wang,,
GTC350Z,2.79,,,,,,,,,,,,,,61.1,0.59,27.9,,10.07,2.23,33,0.1,399,99,0.95,,,,Wang,,
GTC350Z,2.79,,,,,,,,,,,,,,73.3,0.59,26.9,,9.52,2.17,32.2,0.1,404,108,0.88,,,,Wang,,
GTC350Z,2.79,,,,,,,,,,,,,,6,0.99,26.6,,9.37,2.15,32,0.11,398,170,0.85,,,,Wang,,
GTC350Z,2.79,,,,,,,,,,,,,,12.2,0.99,26.5,,9.34,2.15,31.9,0.11,398,163,0.9,,,,Wang,,
GTC350Z,2.79,,,,,,,,,,,,,,24.4,0.99,26.4,,9.24,2.14,31.8,0.11,398,151,1.01,,,,Wang,,
GTC350Z,2.79,,,,,,,,,,,,,,36.7,0.99,27.1,,9.59,2.19,32.3,0.09,404,133,1.23,,,,Wang,,
GTC350Z,2.79,,,,,,,,,,,,,,48.9,0.99,26.3,,9.17,2.14,31.7,0.1,398,142,1.1,,,,Wang,,
GTC350Z,2.79,,,,,,,,,,,,,,61.1,0.99,27.1,,9.62,2.19,32.3,0.1,404,142,1.15,,,,Wang,,
GTC350Z,2.79,,,,,,,,,,,,,,73.3,0.99,27,,9.57,2.18,32.3,0.1,404,146,1.07,,,,Wang,,
GTC350Z,2.79,,,,,,,,,,,,,,61.1,0.59,26.7,,9.36,2.17,32,0.1,398,106,0.92,,,,Wang,,
GTC350Z,2.79,,,,,,,,,,,,,,73.3,0.59,26.7,,9.41,2.17,32,0.1,398,116,0.84,,,,Wang,,
GTC350Z,2.79,,,,,,,,,,,,,,6.1,1.48,29.8,,11.4,2.35,34.8,0.11,392,202,0.9,,,,Wang,,
GTC350Z,2.79,,,,,,,,,,,,,,12.2,1.48,29.8,,11.36,2.35,34.8,0.11,392,193,0.97,,,,Wang,,
GTC350Z,2.79,,,,,,,,,,,,,,24.4,1.48,29.3,,11.07,2.32,34.4,0.11,392,184,1.06,,,,Wang,,
GTC350Z,2.79,,,,,,,,,,,,,,36.7,1.48,29.2,,10.98,2.31,34.3,0.11,392,178,1.12,,,,Wang,,
GTC350Z,2.79,,,,,,,,,,,,,,48.9,1.48,29.2,,10.96,2.31,34.2,0.1,392,173,1.17,,,,Wang,,
GTC350Z,2.79,,,,,,,,,,,,,,61.1,1.49,27.1,,9.63,2.19,32.3,0.1,404,181,1.29,,,,Wang,,
GTC350Z,2.79,,,,,,,,,,,,,,73.4,1.48,27,,9.57,2.18,32.3,0.1,404,173,1.29,,,,Wang,,
GTC350Z,2.79,,,,,,,,,,,,,,36.6,1.98,30.4,,11.71,2.39,35.2,0.09,399,219,1.15,,,,Wang,,
GTC350Z,2.79,,,,,,,,,,,,,,36.7,2.31,29.1,,10.84,2.31,34,0.09,392,227,1.23,,,,Wang,,
A350Y,3.04,,,,,,,,,,,,,,1.2,0.59,21.9,,6.97,1.91,28,0.1,403,143,0.58,,,,Wang,,
A350Y,3.04,,,,,,,,,,,,,,2.5,0.59,21.9,,6.96,1.91,28,0.1,403,124,0.66,,,,Wang,,
A350Y,3.04,,,,,,,,,,,,,,3.7,0.59,21.9,,6.95,1.91,27.9,0.1,403,116,0.7,,,,Wang,,
A350Y,3.04,,,,,,,,,,,,,,4.9,0.59,16.6,,4.98,1.66,24,0.1,416,122,0.74,,,,Wang,,
A350Y,3.04,,,,,,,,,,,,,,6.1,0.59,16.7,,5.01,1.66,24,0.1,416,118,0.76,,,,Wang,,
A350Y,3.04,,,,,,,,,,,,,,12.2,0.59,15.8,,4.74,1.61,23.4,0.11,416,116,0.77,,,,Wang,,
A350Y,3.04,,,,,,,,,,,,,,24.5,0.59,16,,4.79,1.62,23.6,0.11,416,115,0.78,,,,Wang,,
A350Y,3.04,,,,,,,,,,,,,,36.7,0.59,16.1,,4.83,1.63,23.7,0.11,416,115,0.77,,,,Wang,,
A350Y,3.04,,,,,,,,,,,,,,48.9,0.59,16.4,,4.91,1.64,23.8,0.1,416,128,0.71,,,,Wang,,
A350Y,3.04,,,,,,,,,,,,,,61.1,0.59,16.6,,4.96,1.65,23.9,0.1,416,134,0.68,,,,Wang,,
A350Y,3.04,,,,,,,,,,,,,,1.2,0.99,16.1,,4.82,1.62,23.6,0.11,415,233,0.59,,,,Wang,,
A350Y,3.04,,,,,,,,,,,,,,2.5,0.99,16.1,,4.83,1.62,23.6,0.1,415,217,0.66,,,,Wang,,
A350Y,3.04,,,,,,,,,,,,,,3.7,0.99,16.2,,4.83,1.62,23.6,0.1,415,207,0.72,,,,Wang,,
A350Y,3.04,,,,,,,,,,,,,,4.9,0.99,16,,4.79,1.62,23.5,0.1,415,203,0.75,,,,Wang,,
A350Y,3.04,,,,,,,,,,,,,,6.1,0.99,15.8,,4.72,1.61,23.4,0.1,415,202,0.75,,,,Wang,,
A350Y,3.04,,,,,,,,,,,,,,12.2,0.99,15.6,,4.65,1.6,23.2,0.1,415,200,0.77,,,,Wang,,
A350Y,3.04,,,,,,,,,,,,,,24.5,0.99,15.4,,4.59,1.6,23.1,0.1,415,198,0.79,,,,Wang,,
A350Y,3.04,,,,,,,,,,,,,,36.7,0.99,15.4,,4.57,1.6,23,0.1,415,197,0.8,,,,Wang,,
A350Y,3.04,,,,,,,,,,,,,,48.9,0.99,15.4,,4.57,1.6,23,0.09,415,197,0.81,,,,Wang,,
A350Y,3.04,,,,,,,,,,,,,,1.2,1.48,14.4,,4.29,1.54,22.4,0.1,400,278,0.58,,,,Wang,,
A350Y,3.04,,,,,,,,,,,,,,2.5,1.49,14.5,,4.34,1.55,22.5,0.1,400,265,0.66,,,,Wang,,
A350Y,3.04,,,,,,,,,,,,,,3.7,1.48,14.7,,4.37,1.56,22.6,0.1,400,255,0.72,,,,Wang,,
A350Y,3.04,,,,,,,,,,,,,,4.9,1.48,14.2,,4.24,1.54,22.2,0.1,400,249,0.77,,,,Wang,,
A350Y,3.04,,,,,,,,,,,,,,6.1,1.48,13.7,,4.09,1.52,21.9,0.1,400,247,0.8,,,,Wang,,
A350Y,3.04,,,,,,,,,,,,,,12.2,1.48,12.9,,3.88,1.49,21.3,0.1,400,246,0.83,,,,Wang,,
A350Y,3.04,,,,,,,,,,,,,,24.5,1.48,12.7,,3.83,1.49,21.2,0.09,400,249,0.81,,,,Wang,,
A350Y,3.04,,,,,,,,,,,,,,36.7,1.48,12.9,,3.88,1.49,21.3,0.1,400,247,0.79,,,,Wang,,
A350Y,3.04,,,,,,,,,,,,,,24.5,1.82,16.8,,5.07,1.66,24.2,0.11,416,258,0.85,,,,Wang,,
B350X,3.01,,,,,,,,,,,,,,1.3,0.59,20.8,,6.47,1.85,27.1,0.09,390,185,0.44,,,,Wang,,
B350X,3.01,,,,,,,,,,,,,,2.4,0.59,20.9,,6.53,1.86,27.2,0.09,390,163,0.52,,,,Wang,,
B350X,3.01,,,,,,,,,,,,,,3.7,0.59,21,,6.59,1.87,27.3,0.1,390,153,0.55,,,,Wang,,
B350X,3.01,,,,,,,,,,,,,,4.9,0.59,21.3,,6.7,1.88,27.5,0.1,390,147,0.56,,,,Wang,,
B350X,3.01,,,,,,,,,,,,,,6.1,0.59,21.5,,6.79,1.89,27.7,0.1,390,139,0.59,,,,Wang,,
B350X,3.01,,,,,,,,,,,,,,12.2,0.59,21.7,,6.87,1.9,27.8,0.1,390,132,0.62,,,,Wang,,
B350X,3.01,,,,,,,,,,,,,,24.4,0.6,21.6,,6.87,1.89,27.8,0.1,390,124,0.64,,,,Wang,,
B350X,3.01,,,,,,,,,,,,,,36.7,0.59,21.6,,6.84,1.89,27.8,0.1,390,119,0.67,,,,Wang,,
B350X,3.01,,,,,,,,,,,,,,48.9,0.59,21.7,,6.9,1.9,27.9,0.1,390,112,0.7,,,,Wang,,
B350X,3.01,,,,,,,,,,,,,,61.1,0.59,20.2,,6.25,1.83,26.6,0.09,390,140,0.61,,,,Wang,,
B350X,3.01,,,,,,,,,,,,,,73.3,0.59,21.8,,6.93,1.9,27.9,0.1,390,140,0.58,,,,Wang,,
B350X,3.01,,,,,,,,,,,,,,1.2,0.99,21.1,,6.65,1.87,27.4,0.1,385,251,0.4,,,,Wang,,
B350X,3.01,,,,,,,,,,,,,,2.5,0.99,21.2,,6.67,1.87,27.4,0.1,385,224,0.5,,,,Wang,,
B350X,3.01,,,,,,,,,,,,,,3.7,0.99,21.3,,6.72,1.87,27.5,0.1,385,213,0.54,,,,Wang,,
B350X,3.01,,,,,,,,,,,,,,4.9,0.99,21.4,,6.77,1.88,27.6,0.1,385,207,0.57,,,,Wang,,
B350X,3.01,,,,,,,,,,,,,,6.1,0.99,21.6,,6.85,1.89,27.8,0.11,385,198,0.6,,,,Wang,,
B350X,3.01,,,,,,,,,,,,,,12.2,0.99,21.8,,6.94,1.9,27.9,0.11,385,187,0.65,,,,Wang,,
B350X,3.01,,,,,,,,,,,,,,24.4,0.99,23.5,,7.75,1.98,29.4,0.11,385,174,0.67,,,,Wang,,
B350X,3.01,,,,,,,,,,,,,,36.7,0.99,22.6,,7.33,1.94,28.7,0.11,385,169,0.71,,,,Wang,,
B350X,3.01,,,,,,,,,,,,,,48.9,0.99,22.3,,7.2,1.92,28.4,0.11,385,166,0.73,,,,Wang,,
B350X,3.01,,,,,,,,,,,,,,61.1,0.99,22.1,,7.08,1.91,28.2,0.11,385,176,0.69,,,,Wang,,
B350X,3.01,,,,,,,,,,,,,,73.3,0.99,22,,7.04,1.91,28.1,0.11,385,178,0.69,,,,Wang,,
B350X,3.01,,,,,,,,,,,,,,1.2,1.49,12.4,,3.75,1.47,21,0.1,402,312,0.43,,,,Wang,,
B350X,3.01,,,,,,,,,,,,,,2.5,1.48,12.5,,3.78,1.47,21.1,0.1,402,302,0.49,,,,Wang,,
B350X,3.01,,,,,,,,,,,,,,3.7,1.48,12.7,,3.84,1.48,21.2,0.1,402,286,0.57,,,,Wang,,
B350X,3.01,,,,,,,,,,,,,,4.9,1.49,13,,3.92,1.5,21.4,0.1,402,283,0.59,,,,Wang,,
B350X,3.01,,,,,,,,,,,,,,6.1,1.48,13.5,,4.06,1.52,21.8,0.1,402,276,0.62,,,,Wang,,
B350X,3.01,,,,,,,,,,,,,,12.2,1.49,14.1,,4.21,1.54,22.2,0.1,402,263,0.69,,,,Wang,,
B350X,3.01,,,,,,,,,,,,,,24.4,1.48,17.2,,5.19,1.68,24.5,0.11,402,254,0.69,,,,Wang,,
B350X,3.01,,,,,,,,,,,,,,36.7,1.48,16.2,,4.87,1.63,23.8,0.11,402,242,0.78,,,,Wang,,
B350X,3.01,,,,,,,,,,,,,,48.9,1.49,15.5,,4.64,1.6,23.2,0.11,402,239,0.81,,,,Wang,,
B350X,3.01,,,,,,,,,,,,,,61.1,1.48,14.8,,4.44,1.57,22.7,0.11,402,238,0.83,,,,Wang,,
B350X,3.01,,,,,,,,,,,,,,73.3,1.49,14.6,,4.36,1.56,22.5,0.11,402,234,0.87,,,,Wang,,
B350X,3.01,,,,,,,,,,,,,,24.4,1.98,11.1,,3.43,1.42,20.1,0.1,402,293,0.75,,,,Wang,,
GTC350Y,2.79,,,,,,,,,,,,,,6.1,0.59,27.6,,9.97,2.21,32.9,0.11,395,107,0.67,,,,Wang,,
GTC350Y,2.79,,,,,,,,,,,,,,12.2,0.59,27.7,,10.04,2.22,33,0.11,395,99,0.72,,,,Wang,,
GTC350Y,2.79,,,,,,,,,,,,,,24.4,0.59,27.8,,10.06,2.23,33,0.1,395,93,0.76,,,,Wang,,
GTC350Y,2.79,,,,,,,,,,,,,,36.7,0.59,28.9,,10.67,2.29,33.8,0.09,395,88,0.8,,,,Wang,,
GTC350Y,2.79,,,,,,,,,,,,,,48.9,0.59,26.2,,9.05,2.15,31.4,0.08,395,107,0.8,,,,Wang,,
GTC350Y,2.79,,,,,,,,,,,,,,61.1,0.59,26.5,,9.16,2.16,31.6,0.08,395,106,0.81,,,,Wang,,
GTC350Y,2.79,,,,,,,,,,,,,,73.3,0.59,26.9,,9.39,2.19,31.9,0.08,395,97,0.87,,,,Wang,,
GTC350Y,2.79,,,,,,,,,,,,,,6.1,0.99,28.3,,10.41,2.26,33.5,0.11,395,183,0.66,,,,Wang,,
GTC350Y,2.79,,,,,,,,,,,,,,12.2,0.99,28.4,,10.41,2.26,33.5,0.1,395,171,0.73,,,,Wang,,
GTC350Y,2.79,,,,,,,,,,,,,,24.5,0.99,28,,10.2,2.24,33.2,0.1,395,162,0.78,,,,Wang,,
GTC350Y,2.79,,,,,,,,,,,,,,36.7,0.99,28.3,,10.37,2.26,33.4,0.1,395,159,0.81,,,,Wang,,
GTC350Y,2.79,,,,,,,,,,,,,,48.9,0.99,28.4,,10.42,2.27,33.5,0.1,395,156,0.83,,,,Wang,,
GTC350Y,2.79,,,,,,,,,,,,,,61.1,0.99,24.7,,8.3,2.06,30.3,0.09,395,154,0.9,,,,Wang,,
GTC350Y,2.79,,,,,,,,,,,,,,6.1,1.49,34,,14.65,2.61,38.8,0.12,395,213,0.67,,,,Wang,,
GTC350Y,2.79,,,,,,,,,,,,,,12.2,1.48,33.9,,14.52,2.6,38.6,0.11,395,203,0.72,,,,Wang,,
GTC350Y,2.79,,,,,,,,,,,,,,24.5,1.49,29.3,,10.94,2.32,34.2,0.09,395,213,0.84,,,,Wang,,
GTC350Y,2.79,,,,,,,,,,,,,,36.7,1.49,29.1,,10.81,2.31,34,0.09,395,206,0.88,,,,Wang,,
GTC350Y,2.79,,,,,,,,,,,,,,48.9,1.48,27.2,,9.74,2.2,32.6,0.11,395,195,0.89,,,,Wang,,
GTC350Y,2.79,,,,,,,,,,,,,,24.4,1.65,32.7,,13.47,2.52,37.4,0.1,388,216,0.77,,,,Wang,,
M250Y,2.92,,,,,,,,,,,,,,6.1,0.59,17.5,,5.27,1.69,24.6,0.1,410,174,0.74,,,,Wang,,
M250Y,2.92,,,,,,,,,,,,,,12.2,0.59,17.5,,5.26,1.69,24.6,0.1,410,168,0.78,,,,Wang,,
M250Y,2.92,,,,,,,,,,,,,,24.5,0.59,17.3,,5.21,1.68,24.5,0.1,410,153,0.87,,,,Wang,,
M250Y,2.92,,,,,,,,,,,,,,36.7,0.59,17.2,,5.16,1.68,24.4,0.1,410,145,0.92,,,,Wang,,
M250Y,2.92,,,,,,,,,,,,,,48.9,0.59,17.1,,5.13,1.68,24.3,0.1,410,140,0.95,,,,Wang,,
M250Y,2.92,,,,,,,,,,,,,,61.1,0.59,17.2,,5.16,1.68,24.4,0.1,410,134,0.99,,,,Wang,,
M250Y,2.92,,,,,,,,,,,,,,73.3,0.59,17.4,,5.23,1.69,24.5,0.1,410,130,1.03,,,,Wang,,
M250Y,2.92,,,,,,,,,,,,,,6.1,0.99,15,,4.47,1.57,22.8,0.11,392,228,0.81,,,,Wang,,
M250Y,2.92,,,,,,,,,,,,,,12.2,0.99,14.6,,4.36,1.56,22.5,0.1,392,222,0.85,,,,Wang,,
M250Y,2.92,,,,,,,,,,,,,,24.4,0.99,14.1,,4.21,1.54,22.2,0.1,392,209,0.96,,,,Wang,,
M250Y,2.92,,,,,,,,,,,,,,36.7,0.99,13.9,,4.15,1.53,22,0.1,392,203,1.01,,,,Wang,,
M250Y,2.92,,,,,,,,,,,,,,48.9,0.99,13.6,,4.08,1.52,21.8,0.1,392,202,1.04,,,,Wang,,
M250Y,2.92,,,,,,,,,,,,,,61.1,0.99,13.5,,4.05,1.51,21.7,0.1,392,194,1.11,,,,Wang,,
M250Y,2.92,,,,,,,,,,,,,,73.3,0.99,13.5,,4.04,1.51,21.7,0.1,392,185,1.18,,,,Wang,,
M250Y,2.92,,,,,,,,,,,,,,6.1,1.48,14,,4.2,1.53,22.2,0.11,382,266,0.8,,,,Wang,,
M250Y,2.92,,,,,,,,,,,,,,12.2,1.49,13.6,,4.09,1.51,21.9,0.11,382,257,0.89,,,,Wang,,
M250Y,2.92,,,,,,,,,,,,,,24.4,1.49,12.7,,3.86,1.48,21.3,0.11,382,250,0.97,,,,Wang,,
M250Y,2.92,,,,,,,,,,,,,,36.7,1.48,12.4,,3.77,1.46,21,0.11,382,246,1.02,,,,Wang,,
M250Y,2.92,,,,,,,,,,,,,,48.9,1.49,12.2,,3.71,1.46,20.9,0.11,382,242,1.07,,,,Wang,,
M250Y,2.92,,,,,,,,,,,,,,61.1,1.49,12.1,,3.69,1.45,20.8,0.11,382,238,1.12,,,,Wang,,
M250Y,2.92,,,,,,,,,,,,,,36.7,1.98,12.4,,3.76,1.47,21,0.1,382,273,1.07,,,,Wang,,
M250Y,2.92,,,,,,,,,,,,,,36.7,2.31,25,,8.48,2.11,31.2,0.1,382,282,1.05,,,,Wang,,
M250X,2.91,,,,,,,,,,,,,,6.2,0.59,15.6,,4.68,1.6,23.3,0.11,415,170,0.77,,,,Wang,,
M250X,2.91,,,,,,,,,,,,,,12.2,0.59,15.5,,4.66,1.6,23.3,0.11,415,166,0.79,,,,Wang,,
M250X,2.91,,,,,,,,,,,,,,24.5,0.59,15.2,,4.54,1.58,23,0.11,415,155,0.86,,,,Wang,,
M250X,2.91,,,,,,,,,,,,,,36.7,0.59,15,,4.51,1.58,22.9,0.11,415,147,0.91,,,,Wang,,
M250X,2.91,,,,,,,,,,,,,,48.9,0.59,15,,4.49,1.58,22.9,0.11,415,148,0.91,,,,Wang,,
M250X,2.91,,,,,,,,,,,,,,61.1,0.59,15,,4.49,1.58,22.9,0.11,415,147,0.92,,,,Wang,,
M250X,2.91,,,,,,,,,,,,,,73.3,0.59,15.1,,4.51,1.58,22.9,0.11,415,139,0.98,,,,Wang,,
M250X,2.91,,,,,,,,,,,,,,6.1,0.99,15.1,,4.52,1.58,22.9,0.11,406,254,0.69,,,,Wang,,
M250X,2.91,,,,,,,,,,,,,,12.2,0.99,15,,4.5,1.58,22.9,0.11,406,239,0.79,,,,Wang,,
M250X,2.91,,,,,,,,,,,,,,24.5,0.99,14.4,,4.32,1.55,22.5,0.11,406,228,0.87,,,,Wang,,
M250X,2.91,,,,,,,,,,,,,,36.7,0.99,14.1,,4.21,1.54,22.2,0.1,406,221,0.92,,,,Wang,,
M250X,2.91,,,,,,,,,,,,,,48.9,0.99,13.8,,4.15,1.53,22,0.1,406,215,0.98,,,,Wang,,
M250X,2.91,,,,,,,,,,,,,,61.1,0.99,13.7,,4.11,1.52,21.9,0.1,406,210,1.02,,,,Wang,,
M250X,2.91,,,,,,,,,,,,,,73.3,0.99,13.6,,4.07,1.52,21.8,0.1,406,204,1.07,,,,Wang,,
M250X,2.91,,,,,,,,,,,,,,5.8,1.48,17.2,,5.19,1.67,24.5,0.11,403,278,0.78,,,,Wang,,
M250X,2.91,,,,,,,,,,,,,,12.2,1.49,16.9,,5.11,1.66,24.3,0.11,403,271,0.84,,,,Wang,,
M250X,2.91,,,,,,,,,,,,,,24.5,1.49,16.3,,4.91,1.63,23.8,0.11,403,264,0.91,,,,Wang,,
M250X,2.91,,,,,,,,,,,,,,36.7,1.49,16,,4.79,1.62,23.6,0.11,403,259,0.96,,,,Wang,,
M250X,2.91,,,,,,,,,,,,,,48.9,1.48,15.9,,4.75,1.61,23.5,0.11,403,253,1.02,,,,Wang,,
M250X,2.91,,,,,,,,,,,,,,61.1,1.49,15.7,,4.69,1.61,23.3,0.11,403,247,1.08,,,,Wang,,
M250X,2.91,,,,,,,,,,,,,,73.3,1.48,15.6,,4.66,1.6,23.3,0.11,403,238,1.16,,,,Wang,,
M250X,2.91,,,,,,,,,,,,,,36.7,1.98,15.3,,4.56,1.59,23,0.1,403,289,1,,,,Wang,,
M250X,2.91,,,,,,,,,,,,,,36.7,2.31,15,,4.48,1.58,22.8,0.1,403,303,1.01,,,,Wang,,
GTC 500Y,3.06,,,,,,,,,,,,,,6.1,0.59,33.8,,14.35,2.6,38.4,0.11,411,61,0.56,,,,Wang,,
GTC 500Y,3.06,,,,,,,,,,,,,,12.2,0.59,33.7,,14.27,2.59,38.3,0.1,411,53,0.6,,,,Wang,,
GTC 500Y,3.06,,,,,,,,,,,,,,24.4,0.59,33.6,,14.17,2.58,38.2,0.1,411,47,0.64,,,,Wang,,
GTC 500Y,3.06,,,,,,,,,,,,,,36.7,0.59,33.6,,14.22,2.59,38.2,0.1,411,42,0.68,,,,Wang,,
GTC 500Y,3.06,,,,,,,,,,,,,,48.9,0.59,33.7,,14.29,2.6,38.3,0.1,411,40,0.7,,,,Wang,,
GTC 500Y,3.06,,,,,,,,,,,,,,61.1,0.59,33.7,,14.22,2.59,38.2,0.1,411,41,0.69,,,,Wang,,
GTC 500Y,3.06,,,,,,,,,,,,,,73.4,0.59,33,,13.65,2.55,37.6,0.09,411,48,0.67,,,,Wang,,
GTC 500Y,3.06,,,,,,,,,,,,,,6.1,0.99,28.9,,10.82,2.28,34.1,0.12,409,144,0.54,,,,Wang,,
GTC 500Y,3.06,,,,,,,,,,,,,,12.2,0.99,28.8,,10.73,2.27,34,0.12,409,134,0.58,,,,Wang,,
GTC 500Y,3.06,,,,,,,,,,,,,,24.5,0.99,28.8,,10.72,2.28,33.9,0.11,409,121,0.64,,,,Wang,,
GTC 500Y,3.06,,,,,,,,,,,,,,36.7,0.99,28.9,,10.81,2.28,34.1,0.11,409,115,0.66,,,,Wang,,
GTC 500Y,3.06,,,,,,,,,,,,,,48.9,0.99,29.1,,10.93,2.3,34.2,0.11,409,110,0.69,,,,Wang,,
GTC 500Y,3.06,,,,,,,,,,,,,,6.1,1.49,29.7,,11.34,2.34,34.7,0.11,409,209,0.53,,,,Wang,,
GTC 500Y,3.06,,,,,,,,,,,,,,12.2,1.49,29.7,,11.28,2.33,34.7,0.11,409,198,0.58,,,,Wang,,
M125Y,2.92,,,,,,,,,,,,,,12.2,0.59,22.8,,7.44,1.95,28.9,0.11,412,223,0.93,,,,Wang,,
M125Y,2.92,,,,,,,,,,,,,,24.4,0.59,22.9,,7.47,1.95,28.9,0.11,412,210,1.03,,,,Wang,,
M125Y,2.92,,,,,,,,,,,,,,36.9,0.59,23,,7.5,1.96,29,0.11,412,202,1.08,,,,Wang,,
M125Y,2.92,,,,,,,,,,,,,,48.9,0.59,23,,7.51,1.96,29,0.11,412,195,1.14,,,,Wang,,
M125Y,2.92,,,,,,,,,,,,,,61.6,0.6,23.1,,7.53,1.96,29,0.11,412,188,1.2,,,,Wang,,
M125Y,2.92,,,,,,,,,,,,,,73.3,0.59,23.4,,7.67,1.98,29.3,0.11,412,181,1.25,,,,Wang,,
M125Y,2.92,,,,,,,,,,,,,,12.2,0.99,27.2,,9.73,2.19,32.5,0.11,392,261,0.94,,,,Wang,,
M125Y,2.92,,,,,,,,,,,,,,24.5,0.99,27,,9.59,2.17,32.3,0.11,392,252,1.03,,,,Wang,,
M125Y,2.92,,,,,,,,,,,,,,36.7,0.99,27.2,,9.73,2.19,32.5,0.11,392,246,1.08,,,,Wang,,
M125Y,2.92,,,,,,,,,,,,,,48.9,0.99,27.2,,9.7,2.19,32.5,0.11,392,241,1.14,,,,Wang,,
M125Y,2.92,,,,,,,,,,,,,,60.9,0.99,27.2,,9.69,2.19,32.5,0.11,392,236,1.19,,,,Wang,,
M125Y,2.92,,,,,,,,,,,,,,73,0.99,27,,9.59,2.18,32.3,0.11,392,230,1.26,,,,Wang,,
M125Y,2.92,,,,,,,,,,,,,,12.2,1.49,26.3,,9.19,2.13,31.7,0.11,397,302,0.97,,,,Wang,,
M125Y,2.92,,,,,,,,,,,,,,24.5,1.48,26.3,,9.2,2.14,31.7,0.11,397,294,1.07,,,,Wang,,
M125Y,2.92,,,,,,,,,,,,,,36.7,1.48,26.7,,9.42,2.16,32,0.11,397,289,1.13,,,,Wang,,
M125Y,2.92,,,,,,,,,,,,,,48.9,1.48,26.9,,9.52,2.17,32.2,0.11,397,285,1.17,,,,Wang,,
M125Y,2.92,,,,,,,,,,,,,,61.1,1.49,26.9,,9.52,2.17,32.2,0.11,397,280,1.24,,,,Wang,,
M125Y,2.92,,,,,,,,,,,,,,73.3,1.49,26.9,,9.54,2.17,32.2,0.1,397,276,1.3,,,,Wang,,
M125Y,2.92,,,,,,,,,,,,,,36.7,1.98,27,,9.57,2.18,32.3,0.1,397,311,1.17,,,,Wang,,
M125Y,2.92,,,,,,,,,,,,,,36.7,2.47,27.2,,9.72,2.19,32.5,0.1,394,323,1.2,,,,Wang,,
RSP 200X,3.05,,,,,,,,,,,,,,6.1,0.59,22.5,,7.3,1.93,28.6,0.11,410,138,0.98,,,,Wang,,
RSP 200X,3.05,,,,,,,,,,,,,,12.2,0.59,22.5,,7.27,1.93,28.6,0.11,409,130,1.04,,,,Wang,,
RSP 200X,3.05,,,,,,,,,,,,,,24.5,0.59,22.4,,7.25,1.93,28.5,0.11,409,120,1.12,,,,Wang,,
RSP 200X,3.05,,,,,,,,,,,,,,36.7,0.59,22.5,,7.26,1.93,28.6,0.11,408,118,1.14,,,,Wang,,
RSP 200X,3.05,,,,,,,,,,,,,,48.9,0.59,22.5,,7.29,1.94,28.6,0.11,407,121,1.12,,,,Wang,,
RSP 200X,3.05,,,,,,,,,,,,,,60.3,0.59,22.9,,7.46,1.95,28.9,0.11,406,120,1.13,,,,Wang,,
RSP 200X,3.05,,,,,,,,,,,,,,73.3,0.59,23,,7.48,1.96,28.9,0.1,405,124,1.1,,,,Wang,,
RSP 200X,3.05,,,,,,,,,,,,,,6.1,0.99,22.5,,7.29,1.93,28.6,0.11,404,210,1.01,,,,Wang,,
RSP 200X,3.05,,,,,,,,,,,,,,12.2,0.99,21.8,,6.95,1.9,28,0.1,404,208,1.05,,,,Wang,,
RSP 200X,3.05,,,,,,,,,,,,,,24.5,0.99,21.1,,6.66,1.87,27.4,0.1,404,197,1.16,,,,Wang,,
RSP 200X,3.05,,,,,,,,,,,,,,36.7,0.99,20.7,,6.45,1.84,27,0.1,404,194,1.2,,,,Wang,,
RSP 200X,3.05,,,,,,,,,,,,,,48.9,0.99,20.1,,6.24,1.82,26.6,0.1,404,196,1.22,,,,Wang,,
RSP 200X,3.05,,,,,,,,,,,,,,61.1,0.99,19.8,,6.12,1.8,26.4,0.1,403,196,1.24,,,,Wang,,
RSP 200X,3.05,,,,,,,,,,,,,,73.4,1,19.6,,6,1.79,26.1,0.09,403,190,1.34,,,,Wang,,
RSP 200X,3.05,,,,,,,,,,,,,,6.1,1.48,15.7,,4.72,1.6,23.4,0.11,413,275,1.05,,,,Wang,,
RSP 200X,3.05,,,,,,,,,,,,,,12.2,1.49,15.3,,4.57,1.58,23.1,0.11,413,273,1.09,,,,Wang,,
RSP 200X,3.05,,,,,,,,,,,,,,24.4,1.49,14.9,,4.46,1.57,22.8,0.11,413,265,1.18,,,,Wang,,
RSP 200X,3.05,,,,,,,,,,,,,,36.7,1.48,14.8,,4.43,1.57,22.7,0.11,413,260,1.23,,,,Wang,,
RSP 200X,3.05,,,,,,,,,,,,,,48.9,1.48,14.8,,4.44,1.57,22.7,0.11,413,256,1.29,,,,Wang,,
RSP 200X,3.05,,,,,,,,,,,,,,60.9,1.49,15.1,,4.5,1.58,22.9,0.1,413,252,1.34,,,,Wang,,
RSP 200X,3.05,,,,,,,,,,,,,,73.3,1.49,15.3,,4.56,1.6,23,0.1,413,246,1.41,,,,Wang,,
RSP 200X,3.05,,,,,,,,,,,,,,36.7,1.98,15.5,,4.6,1.61,23.1,0.1,413,296,1.22,,,,Wang,,
RSP 200X,3.05,,,,,,,,,,,,,,36.7,2.47,15.9,,4.74,1.63,23.4,0.1,411,312,1.26,,,,Wang,,
RSR 0.5,2.79,,,,,,,,,,,,,,6.1,0.59,18.7,,5.71,1.75,25.6,0.11,404,191,0.61,,,,Wang,,
RSR 0.5,2.79,,,,,,,,,,,,,,12.2,0.59,18.6,,5.67,1.74,25.5,0.11,404,160,0.76,,,,Wang,,
RSR 0.5,2.79,,,,,,,,,,,,,,24.5,0.59,18.9,,5.8,1.76,25.7,0.11,404,142,0.85,,,,Wang,,
RSR 0.5,2.79,,,,,,,,,,,,,,36.7,0.59,19.1,,5.85,1.77,25.9,0.11,404,136,0.88,,,,Wang,,
RSR 0.5,2.79,,,,,,,,,,,,,,48.9,0.59,19.2,,5.9,1.77,25.9,0.11,404,135,0.89,,,,Wang,,
RSR 0.5,2.79,,,,,,,,,,,,,,61.1,0.59,20.1,,6.24,1.82,26.6,0.11,404,127,0.93,,,,Wang,,
RSR 0.5,2.79,,,,,,,,,,,,,,73.4,0.6,19.7,,6.08,1.8,26.3,0.11,404,120,0.99,,,,Wang,,
RSR 0.5,2.79,,,,,,,,,,,,,,6.1,0.99,23.2,,7.61,1.97,29.1,0.11,400,239,0.63,,,,Wang,,
RSR 0.5,2.79,,,,,,,,,,,,,,12.2,0.99,22.6,,7.34,1.94,28.7,0.11,400,212,0.79,,,,Wang,,
RSR 0.5,2.79,,,,,,,,,,,,,,24.4,0.99,22.3,,7.19,1.92,28.4,0.11,400,198,0.88,,,,Wang,,
RSR 0.5,2.79,,,,,,,,,,,,,,36.6,0.99,22,,7.05,1.91,28.2,0.11,400,190,0.94,,,,Wang,,
RSR 0.5,2.79,,,,,,,,,,,,,,48.9,0.99,21.6,,6.88,1.89,27.8,0.11,400,186,0.97,,,,Wang,,
RSR 0.5,2.79,,,,,,,,,,,,,,61.1,0.99,21.3,,6.76,1.88,27.6,0.11,400,177,1.04,,,,Wang,,
RSR 0.5,2.79,,,,,,,,,,,,,,6.1,1.48,17,,5.13,1.67,24.3,0.11,406,296,0.67,,,,Wang,,
RSR 0.5,2.79,,,,,,,,,,,,,,12.2,1.48,16.6,,4.97,1.65,24,0.11,406,274,0.84,,,,Wang,,
RSR 0.5,2.79,,,,,,,,,,,,,,24.5,1.48,16.1,,4.81,1.63,23.6,0.11,406,260,0.96,,,,Wang,,
RSR 0.5,2.79,,,,,,,,,,,,,,36.7,1.49,16.1,,4.81,1.63,23.6,0.11,406,249,1.06,,,,Wang,,
RSR 0.5,2.79,,,,,,,,,,,,,,24.5,1.65,16,,4.8,1.63,23.6,0.1,406,268,1.01,,,,Wang,,
RSR 0.7,2.91,,,,,,,,,,,,,,6.1,0.59,27.2,,9.67,2.19,32.4,0.1,401,167,0.88,,,,Wang,,
RSR 0.7,2.91,,,,,,,,,,,,,,12.2,0.59,27.1,,9.64,2.19,32.4,0.1,401,149,1,,,,Wang,,
RSR 0.7,2.91,,,,,,,,,,,,,,24.4,0.59,27,,9.57,2.18,32.3,0.1,401,136,1.1,,,,Wang,,
RSR 0.7,2.91,,,,,,,,,,,,,,36.7,0.59,27.1,,9.62,2.19,32.3,0.1,401,129,1.15,,,,Wang,,
RSR 0.7,2.91,,,,,,,,,,,,,,48.9,0.59,27,,9.56,2.18,32.2,0.1,401,124,1.2,,,,Wang,,
RSR 0.7,2.91,,,,,,,,,,,,,,61.1,0.59,27,,9.57,2.19,32.3,0.1,401,119,1.25,,,,Wang,,
RSR 0.7,2.91,,,,,,,,,,,,,,73.3,0.59,27.1,,9.59,2.19,32.3,0.1,401,115,1.29,,,,Wang,,
RSR 0.7,2.91,,,,,,,,,,,,,,6.1,0.99,28.1,,10.22,2.25,33.2,0.1,393,222,0.93,,,,Wang,,
RSR 0.7,2.91,,,,,,,,,,,,,,12.2,0.99,28.1,,10.21,2.25,33.2,0.1,393,209,1.03,,,,Wang,,
RSR 0.7,2.91,,,,,,,,,,,,,,24.5,0.99,27.8,,10.08,2.24,33,0.1,393,195,1.16,,,,Wang,,
RSR 0.7,2.91,,,,,,,,,,,,,,36.7,0.99,27.7,,9.98,2.23,32.9,0.1,393,189,1.22,,,,Wang,,
RSR 0.7,2.91,,,,,,,,,,,,,,48.9,0.99,27.6,,9.91,2.22,32.8,0.1,393,184,1.27,,,,Wang,,
RSR 0.7,2.91,,,,,,,,,,,,,,61.1,0.99,27.6,,9.93,2.22,32.8,0.1,393,177,1.34,,,,Wang,,
RSR 0.7,2.91,,,,,,,,,,,,,,73.3,0.99,27.7,,9.97,2.23,32.8,0.1,393,172,1.39,,,,Wang,,
RSR 0.7,2.91,,,,,,,,,,,,,,6.1,1.49,31.2,,12.25,2.45,35.9,0.09,387,259,0.99,,,,Wang,,
RSR 0.7,2.91,,,,,,,,,,,,,,12.2,1.48,32.3,,13.12,2.52,36.9,0.1,387,244,1.06,,,,Wang,,
RSR 0.7,2.91,,,,,,,,,,,,,,24.5,1.48,31.5,,12.52,2.47,36.2,0.1,387,234,1.19,,,,Wang,,
RSR 0.7,2.91,,,,,,,,,,,,,,36.7,1.48,31.3,,12.33,2.45,36,0.1,387,228,1.26,,,,Wang,,
RSR 0.7,2.91,,,,,,,,,,,,,,48.9,1.48,31.1,,12.18,2.44,35.8,0.09,387,225,1.31,,,,Wang,,
RSR 0.7,2.91,,,,,,,,,,,,,,61.1,1.48,31.1,,12.17,2.44,35.8,0.09,387,221,1.36,,,,Wang,,
RSR 0.7,2.91,,,,,,,,,,,,,,73.3,1.48,30.9,,12.06,2.43,35.6,0.09,387,215,1.43,,,,Wang,,
RSR 0.7,2.91,,,,,,,,,,,,,,36.7,1.98,30.6,,11.8,2.41,35.3,0.09,387,260,1.33,,,,Wang,,
RSR 0.7,2.91,,,,,,,,,,,,,,36.7,2.31,30.4,,11.7,2.4,35.1,0.09,387,273,1.38,,,,Wang,,
RSR 0.3,2.94,,,,,,,,,,,,,,6.1,0.59,29.2,,11,2.31,34.3,0.11,404,138,0.58,,,,Wang,,
RSR 0.3,2.94,,,,,,,,,,,,,,12.2,0.59,28.5,,10.54,2.26,33.7,0.11,404,119,0.67,,,,Wang,,
RSR 0.3,2.94,,,,,,,,,,,,,,24.4,0.59,28.1,,10.27,2.24,33.3,0.11,404,106,0.74,,,,Wang,,
RSR 0.3,2.94,,,,,,,,,,,,,,36.7,0.59,27.7,,10,2.22,32.9,0.1,404,101,0.77,,,,Wang,,
RSR 0.3,2.94,,,,,,,,,,,,,,48.9,0.59,27.2,,9.71,2.19,32.5,0.1,404,100,0.8,,,,Wang,,
RSR 0.3,2.94,,,,,,,,,,,,,,61.1,0.59,27,,9.57,2.18,32.2,0.1,404,101,0.8,,,,Wang,,
RSR 0.3,2.94,,,,,,,,,,,,,,73.4,0.59,26.6,,9.34,2.16,31.9,0.1,404,102,0.8,,,,Wang,,
RSR 0.3,2.94,,,,,,,,,,,,,,6.1,0.99,28,,10.27,2.23,33.3,0.11,401,203,0.61,,,,Wang,,
RSR 0.3,2.94,,,,,,,,,,,,,,12.2,0.99,27.6,,10,2.21,32.9,0.11,401,187,0.69,,,,Wang,,
RSR 0.3,2.94,,,,,,,,,,,,,,24.5,0.99,27.3,,9.82,2.19,32.7,0.11,401,175,0.76,,,,Wang,,
RSR 0.3,2.94,,,,,,,,,,,,,,36.7,0.99,26.9,,9.56,2.17,32.3,0.11,401,169,0.81,,,,Wang,,
RSR 0.3,2.94,,,,,,,,,,,,,,48.9,0.99,26.5,,9.3,2.15,31.9,0.11,401,167,0.83,,,,Wang,,
RSR 0.3,2.94,,,,,,,,,,,,,,61.2,0.99,26.6,,9.35,2.16,31.9,0.1,401,162,0.86,,,,Wang,,
RSR 0.3,2.94,,,,,,,,,,,,,,6.1,1.48,29.4,,11.11,2.32,34.4,0.1,393,244,0.65,,,,Wang,,
RSR 0.3,2.94,,,,,,,,,,,,,,12.2,1.49,28.8,,10.67,2.28,33.8,0.1,393,233,0.73,,,,Wang,,
RSR 0.3,2.94,,,,,,,,,,,,,,24.5,1.49,28.2,,10.32,2.25,33.3,0.1,393,223,0.8,,,,Wang,,
RSR 0.3,2.94,,,,,,,,,,,,,,12.2,1.65,23.2,,7.57,1.98,29.1,0.1,393,253,0.76,,,,Wang,,
GTO 250Y,3,,,,,,,,,,,,,,6.3,0.6,25.4,,,2.09,310,,381.7,139.3,0.71,,,,Song,0.00%,0.108
GTO 250Y,3,,,,,,,,,,,,,,12.2,0.6,25.4,,,2.09,309,,382.4,132.1,0.75,,,,Song,0.00%,0.107
GTO 250Y,3,,,,,,,,,,,,,,24.4,0.59,25,,,2.07,306,,380.8,123.2,0.8,,,,Song,0.00%,0.106
GTO 250Y,3,,,,,,,,,,,,,,36.7,0.59,25.1,,,2.07,307,,381.9,113.2,0.86,,,,Song,0.00%,0.105
GTO 250Y,3,,,,,,,,,,,,,,48.9,0.6,24.9,,,2.06,305,,381,110.7,0.89,,,,Song,0.00%,0.103
GTO 250Y,3,,,,,,,,,,,,,,61.1,0.6,24.8,,,2.06,304,,381.1,107.5,0.92,,,,Song,0.00%,0.102
GTO 250Y,3,,,,,,,,,,,,,,73.3,0.58,25.3,,,2.09,308,,380,95.1,0.98,,,,Song,0.00%,0.099
GTO 250Y,3,,,,,,,,,,,,,,6,0.99,21.2,,,1.88,274,,382.2,218.6,0.76,,,,Song,0.00%,0.094
GTO 250Y,3,,,,,,,,,,,,,,12.3,0.99,21.1,,,1.87,273,,381.9,207.8,0.82,,,,Song,0.00%,0.095
GTO 250Y,3,,,,,,,,,,,,,,24.4,0.99,21.1,,,1.87,273,,382.6,204.6,0.84,,,,Song,0.00%,0.094
GTO 250Y,3,,,,,,,,,,,,,,36.6,0.98,21.1,,,1.88,273,,382.1,197.3,0.89,,,,Song,0.00%,0.094
GTO 250Y,3,,,,,,,,,,,,,,48.9,0.99,20.7,,,1.85,270,,383.3,182.7,1,,,,Song,0.00%,0.096
GTO 250Y,3,,,,,,,,,,,,,,61.1,0.99,20.9,,,1.86,271,,383.8,172.2,1.09,,,,Song,0.00%,0.094
GTO 250Y,3,,,,,,,,,,,,,,6.2,1.49,25.5,,,2.1,309,,368.9,250.3,0.74,,,,Song,0.00%,0.109
GTO 250Y,3,,,,,,,,,,,,,,12.2,1.49,26.1,,,2.14,314,,369.1,235.3,0.84,,,,Song,0.00%,0.111
GTO 250Y,3,,,,,,,,,,,,,,24.5,1.49,25.9,,,2.13,312,,367.8,232.9,0.86,,,,Song,0.00%,0.11
GTO 250Y,3,,,,,,,,,,,,,,36.7,1.48,25.6,,,2.11,310,,369,227.5,0.92,,,,Song,0.00%,0.108
GTO 250Y,3,,,,,,,,,,,,,,48.9,1.48,26.3,,,2.15,315,,368.8,209.4,1.06,,,,Song,0.00%,0.11
GTO 250Y,3,,,,,,,,,,,,,,24.4,1.98,25.5,,,2.11,308,,367.2,262.6,0.88,,,,Song,0.00%,0.104
GTO 250Y,3,,,,,,,,,,,,,,36.7,1.98,25.3,,,2.1,306,,366.7,257.6,0.94,,,,Song,0.00%,0.102
GTO 250Y,3,,,,,,,,,,,,,,24.5,2.47,25.8,,,2.12,311,,367.2,279.5,0.89,,,,Song,0.00%,0.105
GTO 250Y,3,,,,,,,,,,,,,,12.2,0.99,25.2,,,2.08,307,,386.4,203.6,0.77,,,,Song,0.00%,0.1
GTO 250Y,3,,,,,,,,,,,,,,24.4,0.99,24.4,,,2.04,300,,388.5,194.7,0.86,,,,Song,0.00%,0.096
GTO 250Y,3,,,,,,,,,,,,,,36.7,0.99,24.1,,,2.03,297,,388.2,186.8,0.94,,,,Song,0.00%,0.091
GTO 250Y,3,,,,,,,,,,,,,,48.9,0.99,24,,,2.02,295,,390.4,178.2,1.04,,,,Song,0.00%,0.086
GTO 250Y,3,,,,,,,,,,,,,,61.1,1,24,,,2.03,295,,387.8,168.5,1.14,,,,Song,0.00%,0.082
GTO 250Y,3,,,,,,,,,,,,,,12.2,0.59,21.2,,,0.12,572,,401.2,325.7,0.65,,,,Song,77.00%,0.05
GTO 250Y,3,,,,,,,,,,,,,,24.5,0.6,21.4,,,0.12,575,,396.7,321.3,0.66,,,,Song,77.00%,0.048
GTO 250Y,3,,,,,,,,,,,,,,36.7,0.59,21.6,,,0.12,577,,399.4,304.5,0.84,,,,Song,77.00%,0.046
GTO 250Y,3,,,,,,,,,,,,,,48.8,0.6,21.9,,,0.12,580,,395.2,296.8,0.89,,,,Song,77.00%,0.044
GTO 250Y,3,,,,,,,,,,,,,,18.5,0.59,21.6,,,0.12,578,,395.4,315.6,0.71,,,,Song,77.00%,0.044
GTO 250Y,3,,,,,,,,,,,,,,30.6,0.6,21.2,,,0.12,574,,396.3,307.7,0.84,,,,Song,77.00%,0.042
GTO 250Y,3,,,,,,,,,,,,,,42.8,0.59,20.8,,,0.11,571,,398.7,305.7,0.9,,,,Song,77.00%,0.04
GTO 250Y,3,,,,,,,,,,,,,,6.3,0.6,20.1,,,0.11,565,,400.9,331.7,0.68,,,,Song,77.00%,0.041
GTO 250Y,3,,,,,,,,,,,,,,12.3,0.6,22.1,,,0.26,539,,393.7,252.2,0.64,,,,Song,64.60%,0.103
GTO 250Y,3,,,,,,,,,,,,,,24.4,0.6,22.4,,,0.26,541,,392.7,243.3,0.69,,,,Song,64.60%,0.098
GTO 250Y,3,,,,,,,,,,,,,,36.7,0.6,22,,,0.25,538,,392.8,220.4,0.85,,,,Song,64.60%,0.096
GTO 250Y,3,,,,,,,,,,,,,,48.8,0.59,21.6,,,0.25,534,,396.5,215.8,0.9,,,,Song,64.60%,0.093
GTO 250Y,3,,,,,,,,,,,,,,61.1,0.6,21.6,,,0.25,534,,393.9,212.3,0.94,,,,Song,64.60%,0.09
GTO 250Y,3,,,,,,,,,,,,,,12.2,0.59,24.2,,,0.63,472,,385.3,181,0.61,,,,Song,45.20%,0.093
GTO 250Y,3,,,,,,,,,,,,,,24.4,0.6,23.2,,,0.61,461,,384,170.4,0.69,,,,Song,45.20%,0.089
GTO 250Y,3,,,,,,,,,,,,,,36.7,0.59,22.5,,,0.58,457,,386.2,158.4,0.79,,,,Song,45.20%,0.086
GTO 250Y,3,,,,,,,,,,,,,,48.9,0.6,21.7,,,0.56,450,,395.7,146.7,0.95,,,,Song,45.20%,0.081
GTO 250Y,3,,,,,,,,,,,,,,61.1,0.57,20.8,,,0.54,442,,403.2,146.8,0.96,,,,Song,45.20%,0.078
GTO 250Y,3,,,,,,,,,,,,,,24.5,0.6,19.8,,,0.52,432,,399,185.7,0.8,,,,Song,45.20%,0.077
GTO 250Y,3,,,,,,,,,,,,,,6.1,0.6,21.3,,,0.09,583,,384.8,310.7,0.59,,,,Song,79.90%,0.088
GTO 250Y,3,,,,,,,,,,,,,,12,0.59,22.5,,,0.1,594,,383.9,300.3,0.63,,,,Song,79.90%,0.087
GTO 250Y,3,,,,,,,,,,,,,,24.5,0.6,23.4,,,0.11,602,,382,284,0.74,,,,Song,79.90%,0.085
GTO 250Y,3,,,,,,,,,,,,,,36.7,0.6,24,,,0.11,607,,379.3,267.8,0.85,,,,Song,79.90%,0.083
GTO 250Y,3,,,,,,,,,,,,,,48.9,0.59,24.5,,,0.11,612,,376.3,263.1,0.85,,,,Song,79.90%,0.08
GTO 250Y,3,,,,,,,,,,,,,,6.1,0.6,20.5,,,0.25,520,,384.9,261.1,0.59,,,,Song,63.70%,0.096
GTO 250Y,3,,,,,,,,,,,,,,12.1,0.6,20.6,,,0.25,521,,384.6,255.9,0.62,,,,Song,63.70%,0.093
GTO 250Y,3,,,,,,,,,,,,,,24.5,0.6,20.5,,,0.25,521,,384.5,246.5,0.68,,,,Song,63.70%,0.09
GTO 250Y,3,,,,,,,,,,,,,,36.7,0.59,20.7,,,0.24,523,,382.8,222.7,0.83,,,,Song,63.70%,0.086
GTO 250Y,3,,,,,,,,,,,,,,48.9,0.59,21.2,,,0.25,528,,383.3,217.7,0.85,,,,Song,63.70%,0.083
GTO 250Y,3,,,,,,,,,,,,,,61.1,0.6,21.7,,,0.26,532,,381.5,212.8,0.87,,,,Song,63.70%,0.08
GTO 250Y,3,,,,,,,,,,,,,,6.1,0.59,15.8,,,0.48,373,,396.1,206.1,0.61,,,,Song,40.20%,0.103
GTO 250Y,3,,,,,,,,,,,,,,12.2,0.6,15.7,,,0.48,372,,394.7,202.8,0.64,,,,Song,40.20%,0.1
GTO 250Y,3,,,,,,,,,,,,,,24.4,0.6,16,,,0.49,375,,394,183.2,0.74,,,,Song,40.20%,0.095
GTO 250Y,3,,,,,,,,,,,,,,36.7,0.59,16.1,,,0.49,376,,392.5,158.7,0.87,,,,Song,40.20%,0.09
GTO 250Y,3,,,,,,,,,,,,,,48.9,0.59,16.4,,,0.5,379,,392.2,157.1,0.87,,,,Song,40.20%,0.086
GTO 250Y,3,,,,,,,,,,,,,,61.1,0.6,16.7,,,0.5,381,,391.2,155.3,0.88,,,,Song,40.20%,0.082
MG 64Y,2.9,,,,,,,,,,,,,,6,0.59,27,,,2.18,323,,361.1,255.1,0.99,,,,Song,0.00%,0.099
MG 64Y,2.9,,,,,,,,,,,,,,12.2,0.59,27.1,,,2.19,323,,362.5,246.6,1.1,,,,Song,0.00%,0.099
MG 64Y,2.9,,,,,,,,,,,,,,24.5,0.59,24.8,,,2.06,303,,372.6,248.1,1.21,,,,Song,0.00%,0.097
MG 64Y,2.9,,,,,,,,,,,,,,36.7,0.59,24.8,,,2.06,304,,372.8,241.7,1.3,,,,Song,0.00%,0.097
MG 64Y,2.9,,,,,,,,,,,,,,48.9,0.6,24.9,,,2.06,304,,373.9,237.5,1.38,,,,Song,0.00%,0.097
MG 64Y,2.9,,,,,,,,,,,,,,61.1,0.6,24.8,,,2.06,303,,373,230.9,1.46,,,,Song,0.00%,0.096
MG 64Y,2.9,,,,,,,,,,,,,,73.3,0.59,24.7,,,2.06,303,,373,223.8,1.54,,,,Song,0.00%,0.096
MG 64Y,2.9,,,,,,,,,,,,,,6.2,0.99,26.4,,,2.15,318,,369.3,296.4,1.05,,,,Song,0.00%,0.101
MG 64Y,2.9,,,,,,,,,,,,,,12.2,0.99,26.6,,,2.16,319,,370,291.7,1.13,,,,Song,0.00%,0.101
MG 64Y,2.9,,,,,,,,,,,,,,24.5,0.99,26.6,,,2.16,319,,369.9,286.2,1.22,,,,Song,0.00%,0.101
MG 64Y,2.9,,,,,,,,,,,,,,36.7,0.99,26.6,,,2.16,319,,368.7,279.7,1.32,,,,Song,0.00%,0.1
MG 64Y,2.9,,,,,,,,,,,,,,48.9,0.99,26.6,,,2.16,319,,367.2,272.9,1.42,,,,Song,0.00%,0.1
MG 64Y,2.9,,,,,,,,,,,,,,61.1,0.99,26.6,,,2.16,319,,365.8,268.3,1.48,,,,Song,0.00%,0.1
MG 64Y,2.9,,,,,,,,,,,,,,73.4,0.99,26.7,,,2.16,320,,364.3,263.7,1.55,,,,Song,0.00%,0.099
MG 64Y,2.9,,,,,,,,,,,,,,6.2,1.48,25.6,,,2.1,310,,386.9,334.8,1.07,,,,Song,0.00%,0.098
MG 64Y,2.9,,,,,,,,,,,,,,12.2,1.48,25.6,,,2.1,310,,391.5,334.4,1.17,,,,Song,0.00%,0.098
MG 64Y,2.9,,,,,,,,,,,,,,24.4,1.49,25.6,,,2.1,310,,392.8,331.7,1.25,,,,Song,0.00%,0.099
MG 64Y,2.9,,,,,,,,,,,,,,36.7,1.49,25.6,,,2.1,310,,391.8,327.1,1.33,,,,Song,0.00%,0.098
MG 64Y,2.9,,,,,,,,,,,,,,48.9,1.49,25.6,,,2.1,311,,394.2,325,1.42,,,,Song,0.00%,0.099
MG 64Y,2.9,,,,,,,,,,,,,,61.1,1.48,25.6,,,2.1,310,,391.9,320.4,1.49,,,,Song,0.00%,0.098
MG 64Y,2.9,,,,,,,,,,,,,,73.3,1.48,25.6,,,2.1,310,,391.4,317.9,1.54,,,,Song,0.00%,0.097
MG 64Y,2.9,,,,,,,,,,,,,,36.7,1.98,25.8,,,2.12,312,,385.5,335.4,1.38,,,,Song,0.00%,0.096
MG 64Y,2.9,,,,,,,,,,,,,,36.6,2.47,26.3,,,2.14,316,,384.4,342.7,1.42,,,,Song,0.00%,0.095
B1 250 MN,3,,,,,,,,,,,,,,6.1,0.6,28.9,,,2.3,338,,384.6,110.1,0.89,,,,Song,0.00%,0.091
B1 250 MN,3,,,,,,,,,,,,,,12.2,0.6,28.8,,,2.29,338,,384.7,100.9,0.95,,,,Song,0.00%,0.091
B1 250 MN,3,,,,,,,,,,,,,,24.5,0.59,28.8,,,2.3,338,,384.7,88.9,1.02,,,,Song,0.00%,0.092
B1 250 MN,3,,,,,,,,,,,,,,36.7,0.6,29,,,2.3,339,,384.3,83.4,1.07,,,,Song,0.00%,0.092
B1 250 MN,3,,,,,,,,,,,,,,48.9,0.6,29,,,2.3,339,,383.9,77.8,1.11,,,,Song,0.00%,0.093
B1 250 MN,3,,,,,,,,,,,,,,61.1,0.59,29,,,2.31,340,,384.8,76.9,1.11,,,,Song,0.00%,0.094
B1 250 MN,3,,,,,,,,,,,,,,73.3,0.59,29.1,,,2.31,340,,384.7,76.6,1.11,,,,Song,0.00%,0.094
B1 250 MN,3,,,,,,,,,,,,,,6.1,0.99,28.6,,,2.28,336,,381.1,177,0.89,,,,Song,0.00%,0.095
B1 250 MN,3,,,,,,,,,,,,,,12.2,0.99,28.8,,,2.29,338,,381,166.1,0.96,,,,Song,0.00%,0.096
B1 250 MN,3,,,,,,,,,,,,,,24.5,0.99,28.7,,,2.29,337,,383.3,155.1,1.04,,,,Song,0.00%,0.096
B1 250 MN,3,,,,,,,,,,,,,,36.7,0.99,28.7,,,2.28,337,,381.6,147.2,1.1,,,,Song,0.00%,0.097
B1 250 MN,3,,,,,,,,,,,,,,48.9,0.99,28.7,,,2.28,337,,382,143.1,1.13,,,,Song,0.00%,0.098
B1 250 MN,3,,,,,,,,,,,,,,61.1,0.99,28.4,,,2.26,334,,380.6,139.4,1.15,,,,Song,0.00%,0.099
B1 250 MN,3,,,,,,,,,,,,,,73.4,0.99,28.6,,,2.28,337,,381.4,137.6,1.16,,,,Song,0.00%,0.098
B1 250 MN,3,,,,,,,,,,,,,,6.1,1.48,31.2,,,2.44,358,,370.2,218.5,0.89,,,,Song,0.00%,0.09
B1 250 MN,3,,,,,,,,,,,,,,12.2,1.48,31.3,,,2.45,360,,371.2,207.9,0.97,,,,Song,0.00%,0.091
B1 250 MN,3,,,,,,,,,,,,,,24.5,1.49,31.4,,,2.46,361,,372.9,199.6,1.04,,,,Song,0.00%,0.092
B1 250 MN,3,,,,,,,,,,,,,,36.7,1.49,31.5,,,2.46,362,,370.5,193.5,1.08,,,,Song,0.00%,0.092
B1 250 MN,3,,,,,,,,,,,,,,48.9,1.48,31.8,,,2.48,364,,368.8,190.2,1.09,,,,Song,0.00%,0.093
B1 250 MN,3,,,,,,,,,,,,,,61.1,1.46,31.7,,,2.48,364,,369.9,182.2,1.14,,,,Song,0.00%,0.093
B1 250 MN,3,,,,,,,,,,,,,,24.5,1.98,28.8,,,2.29,337,,381.2,246.6,1.03,,,,Song,0.00%,0.09
B1 250 MN,3,,,,,,,,,,,,,,24.4,2.47,29.2,,,2.31,340,,382,267.3,1.06,,,,Song,0.00%,0.089
HFP 2,3,,,,,,,,,,,,,,6.1,0.6,22.6,,,1.94,286,,385.2,264.1,0.74,,,,Song,0.00%,0.1
HFP 2,3,,,,,,,,,,,,,,12.2,0.58,22.5,,,1.94,285,,385.4,248.4,0.83,,,,Song,0.00%,0.1
HFP 2,3,,,,,,,,,,,,,,24.4,0.6,22.5,,,1.94,285,,386.4,239,0.94,,,,Song,0.00%,0.1
HFP 2,3,,,,,,,,,,,,,,36.7,0.58,22.4,,,1.93,285,,385.6,221.5,1.05,,,,Song,0.00%,0.1
HFP 2,3,,,,,,,,,,,,,,48.9,0.6,22.4,,,1.93,284,,387.5,211.6,1.18,,,,Song,0.00%,0.101
HFP 2,3,,,,,,,,,,,,,,61.1,0.6,21.9,,,1.91,281,,387.1,203,1.26,,,,Song,0.00%,0.101
HFP 2,3,,,,,,,,,,,,,,73.3,0.6,22.3,,,1.92,283,,387.4,195.9,1.34,,,,Song,0.00%,0.101
HFP 2,3,,,,,,,,,,,,,,6.1,0.99,25.7,,,2.11,311,,371.2,293,0.72,,,,Song,0.00%,0.099
HFP 2,3,,,,,,,,,,,,,,12.2,0.99,25.8,,,2.11,312,,371,282.1,0.83,,,,Song,0.00%,0.099
HFP 2,3,,,,,,,,,,,,,,24.4,0.99,25.9,,,2.12,313,,371.6,271.2,0.95,,,,Song,0.00%,0.099
HFP 2,3,,,,,,,,,,,,,,36.7,0.99,26,,,2.13,314,,371.6,261,1.06,,,,Song,0.00%,0.099
HFP 2,3,,,,,,,,,,,,,,48.9,0.99,26.2,,,2.14,316,,371.1,250.7,1.17,,,,Song,0.00%,0.1
HFP 2,3,,,,,,,,,,,,,,61.1,0.99,26.7,,,2.16,320,,371,241.1,1.27,,,,Song,0.00%,0.101
HFP 2,3,,,,,,,,,,,,,,73.3,0.99,26.4,,,2.15,317,,371.1,235.5,1.35,,,,Song,0.00%,0.1
HFP 2,3,,,,,,,,,,,,,,6.1,1.48,23.7,,,2.01,295,,389.5,338.9,0.67,,,,Song,0.00%,0.096
HFP 2,3,,,,,,,,,,,,,,12.2,1.48,23.6,,,2,294,,386.6,329.5,0.77,,,,Song,0.00%,0.096
HFP 2,3,,,,,,,,,,,,,,24.4,1.48,23.6,,,2,294,,387.1,319.8,0.92,,,,Song,0.00%,0.096
HFP 2,3,,,,,,,,,,,,,,36.7,1.48,23.6,,,2,294,,386.4,311.6,1.04,,,,Song,0.00%,0.096
HFP 2,3,,,,,,,,,,,,,,48.9,1.49,23.7,,,2,294,,381.3,299.5,1.16,,,,Song,0.00%,0.097
HFP 2,3,,,,,,,,,,,,,,61.1,1.48,23.8,,,2.01,296,,385.8,296.2,1.25,,,,Song,0.00%,0.098
HFP 2,3,,,,,,,,,,,,,,73.4,1.49,23.8,,,2.01,295,,386.1,289.4,1.38,,,,Song,0.00%,0.097
HFP 2,3,,,,,,,,,,,,,,36.7,1.98,22.8,,,1.96,287,,384,325.1,1.08,,,,Song,0.00%,0.097
HFP 2,3,,,,,,,,,,,,,,36.7,2.47,22.9,,,1.96,288,,384.3,336.1,1.08,,,,Song,0.00%,0.098
RSR 1.5,3,,,,,,,,,,,,,,6.2,0.6,32.7,,,2.55,374,,376.7,180,0.97,,,,Song,0.00%,0.101
RSR 1.5,3,,,,,,,,,,,,,,12.2,0.6,32.7,,,2.54,374,,377,169.1,1.06,,,,Song,0.00%,0.102
RSR 1.5,3,,,,,,,,,,,,,,24.4,0.6,32.6,,,2.54,373,,377.4,154.4,1.18,,,,Song,0.00%,0.102
RSR 1.5,3,,,,,,,,,,,,,,36.6,0.59,32.6,,,2.54,373,,373.5,139.3,1.25,,,,Song,0.00%,0.104
RSR 1.5,3,,,,,,,,,,,,,,48.9,0.6,32.6,,,2.54,373,,374.7,134,1.34,,,,Song,0.00%,0.103
RSR 1.5,3,,,,,,,,,,,,,,61.1,0.6,32.6,,,2.54,373,,375.7,128,1.4,,,,Song,0.00%,0.103
RSR 1.5,3,,,,,,,,,,,,,,73.3,0.6,32.6,,,2.54,373,,377,120.9,1.48,,,,Song,0.00%,0.102
RSR 1.5,3,,,,,,,,,,,,,,6.2,0.99,34,,,2.64,385,,367.6,235.4,0.98,,,,Song,0.00%,0.094
RSR 1.5,3,,,,,,,,,,,,,,12.2,0.99,34,,,2.64,385,,367.6,224.9,1.08,,,,Song,0.00%,0.094
RSR 1.5,3,,,,,,,,,,,,,,24.5,0.99,34.2,,,2.65,387,,367.7,210.4,1.21,,,,Song,0.00%,0.095
RSR 1.5,3,,,,,,,,,,,,,,36.7,0.99,35.3,,,2.73,398,,362.8,197.3,1.28,,,,Song,0.00%,0.096
RSR 1.5,3,,,,,,,,,,,,,,48.9,0.99,34.8,,,2.7,393,,365.9,195.1,1.34,,,,Song,0.00%,0.096
RSR 1.5,3,,,,,,,,,,,,,,61.1,0.99,34.6,,,2.68,391,,366.5,188.2,1.43,,,,Song,0.00%,0.095
RSR 1.5,3,,,,,,,,,,,,,,73.3,0.99,34.5,,,2.67,390,,367.1,183.1,1.5,,,,Song,0.00%,0.095
RSR 1.5,3,,,,,,,,,,,,,,6.1,1.49,31.1,,,2.43,358,,373,280,1.01,,,,Song,0.00%,0.094
RSR 1.5,3,,,,,,,,,,,,,,12.2,1.48,31.1,,,2.44,359,,373.2,273.6,1.09,,,,Song,0.00%,0.094
RSR 1.5,3,,,,,,,,,,,,,,24.4,1.48,31.2,,,2.44,359,,374,264.4,1.21,,,,Song,0.00%,0.094
RSR 1.5,3,,,,,,,,,,,,,,36.7,1.48,31.3,,,2.45,360,,373.2,256.1,1.31,,,,Song,0.00%,0.094
RSR 1.5,3,,,,,,,,,,,,,,48.9,1.49,31.5,,,2.46,362,,371.7,248,1.39,,,,Song,0.00%,0.097
RSR 1.5,3,,,,,,,,,,,,,,61.1,1.48,31.3,,,2.45,360,,372.3,242.2,1.49,,,,Song,0.00%,0.096
RSR 1.5,3,,,,,,,,,,,,,,73.3,1.48,31.3,,,2.45,360,,372.5,235.7,1.59,,,,Song,0.00%,0.095
RSR 1.5,3,,,,,,,,,,,,,,36.7,1.98,33.8,,,2.62,383,,367.3,272.2,1.33,,,,Song,0.00%,0.092
RSR 1.5,3,,,,,,,,,,,,,,36.7,2.47,34.1,,,2.63,385,,367.3,287.8,1.37,,,,Song,0.00%,0.09
